0.006,0.366,0.056,,0.06
0.028,0.329,0.074,,0.053934426
0.049,0.267,0.068,,0.043770492
0.071,0.192,0.062,,0.03147541
0.103,0.068,0.062,,0.011147541
0.125,0,0.068,,0
0.146,-0.081,0.068,,-0.013278689
0.169,-0.18,0.062,,-0.029508197
0.19,-0.26,0.062,,-0.042622951
0.212,-0.316,0.074,,-0.051803279
0.234,-0.36,0.062,,-0.059016393
0.256,-0.384,0.062,,-0.06295082
0.278,-0.372,0.074,,-0.060983607
0.3,-0.378,0.068,,-0.061967213
0.322,-0.329,0.068,,-0.053934426
0.343,-0.267,0.074,,-0.043770492
0.365,-0.205,0.074,,-0.033606557
0.387,-0.118,0.062,,-0.019344262
0.409,-0.019,0.074,,-0.003114754
0.43,0.068,0.074,,0.011147541
0.453,0.124,0.062,,0.020327869
0.627,0.329,0.074,,0.053934426
0.648,0.267,0.081,,0.043770492
0.67,0.192,0.062,,0.03147541
0.692,0.13,0.074,,0.021311475
0.714,0.043,0.081,,0.00704918
0.735,-0.043,0.068,,-0.00704918
0.758,-0.124,0.068,,-0.020327869
0.779,-0.192,0.081,,-0.03147541
0.801,-0.273,0.068,,-0.044754098
0.822,-0.322,0.068,,-0.052786885
0.845,-0.36,0.081,,-0.059016393
0.866,-0.378,0.074,,-0.061967213
0.888,-0.372,0.068,,-0.060983607
0.91,-0.335,0.074,,-0.054918033
0.932,-0.298,0.081,,-0.048852459
0.953,-0.242,0.068,,-0.039672131
0.986,-0.124,0.068,,-0.020327869
1.009,-0.031,0.074,,-0.005081967
1.03,0.056,0.081,,0.009180328
1.052,0.118,0.074,,0.019344262
1.073,0.198,0.074,,0.032459016
1.096,0.26,0.081,,0.042622951
1.117,0.298,0.074,,0.048852459
1.139,0.341,0.074,,0.055901639
1.171,0.366,0.074,,0.06
1.335,-0.019,0.074,,-0.003114754
1.357,-0.105,0.074,,-0.017213115
1.379,-0.174,0.087,,-0.02852459
1.401,-0.267,0.074,,-0.043770492
1.423,-0.298,0.074,,-0.048852459
1.445,-0.329,0.087,,-0.053934426
1.467,-0.353,0.081,,-0.057868852
1.489,-0.353,0.074,,-0.057868852
1.511,-0.316,0.087,,-0.051803279
1.534,-0.291,0.081,,-0.047704918
1.555,-0.229,0.074,,-0.037540984
1.578,-0.149,0.087,,-0.02442623
1.599,-0.074,0.087,,-0.012131148
1.622,0.006,0.081,,0.000983607
1.644,0.087,0.087,,0.014262295
1.666,0.149,0.087,,0.02442623
1.688,0.229,0.081,,0.037540984
1.71,0.279,0.087,,0.045737705
1.732,0.31,0.087,,0.050819672
1.754,0.347,0.081,,0.056885246
1.777,0.347,0.087,,0.056885246
1.798,0.329,0.087,,0.053934426
1.821,0.316,0.081,,0.051803279
1.842,0.279,0.087,,0.045737705
1.865,0.217,0.087,,0.03557377
1.891,0.143,0.087,,0.023442623
1.913,0.062,0.093,,0.010163934
1.935,-0.012,0.087,,-0.001967213
1.957,-0.081,0.081,,-0.013278689
1.979,-0.167,0.093,,-0.027377049
2.012,-0.267,0.093,,-0.043770492
2.035,-0.304,0.087,,-0.049836066
2.056,-0.341,0.081,,-0.055901639
2.078,-0.341,0.093,,-0.055901639
2.1,-0.329,0.087,,-0.053934426
2.123,-0.291,0.087,,-0.047704918
2.144,-0.267,0.093,,-0.043770492
2.167,-0.192,0.093,,-0.03147541
2.188,-0.124,0.087,,-0.020327869
2.221,-0.012,0.087,,-0.001967213
2.243,0.068,0.093,,0.011147541
2.265,0.13,0.093,,0.021311475
2.287,0.198,0.087,,0.032459016
2.309,0.26,0.093,,0.042622951
2.331,0.298,0.099,,0.048852459
2.353,0.322,0.087,,0.052786885
2.375,0.335,0.093,,0.054918033
2.397,0.329,0.099,,0.053934426
2.419,0.291,0.087,,0.047704918
2.441,0.26,0.087,,0.042622951
2.468,0.211,0.093,,0.034590164
2.489,0.149,0.087,,0.02442623
2.512,0.087,0.099,,0.014262295
2.533,0.012,0.099,,0.001967213
2.556,-0.074,0.093,,-0.012131148
2.577,-0.136,0.099,,-0.022295082
2.6,-0.211,0.099,,-0.034590164
2.621,-0.273,0.093,,-0.044754098
2.644,-0.304,0.099,,-0.049836066
2.665,-0.316,0.099,,-0.051803279
2.688,-0.322,0.093,,-0.052786885
2.71,-0.291,0.099,,-0.047704918
2.732,-0.273,0.105,,-0.044754098
2.755,-0.236,0.093,,-0.038688525
2.776,-0.161,0.099,,-0.026393443
2.798,-0.099,0.105,,-0.016229508
2.82,-0.025,0.093,,-0.004098361
2.843,0.056,0.093,,0.009180328
2.864,0.124,0.105,,0.020327869
2.897,0.192,0.105,,0.03147541
2.919,0.248,0.093,,0.040655738
2.941,0.291,0.099,,0.047704918
2.963,0.316,0.105,,0.051803279
2.985,0.31,0.099,,0.050819672
3.007,0.298,0.099,,0.048852459
3.034,0.273,0.105,,0.044754098
3.056,0.223,0.093,,0.036557377
3.078,0.186,0.105,,0.030491803
3.1,0.124,0.105,,0.020327869
3.122,0.043,0.099,,0.00704918
3.154,-0.05,0.093,,-0.008196721
3.176,-0.112,0.105,,-0.018360656
3.198,-0.174,0.112,,-0.02852459
3.22,-0.248,0.099,,-0.040655738
3.243,-0.267,0.105,,-0.043770492
3.265,-0.298,0.112,,-0.048852459
3.287,-0.316,0.099,,-0.051803279
3.309,-0.304,0.105,,-0.049836066
3.331,-0.26,0.112,,-0.042622951
3.353,-0.242,0.099,,-0.039672131
3.375,-0.174,0.099,,-0.02852459
3.397,-0.099,0.112,,-0.016229508
3.419,-0.043,0.105,,-0.00704918
3.441,0.037,0.099,,0.006065574
3.463,0.093,0.112,,0.015245902
3.485,0.155,0.105,,0.025409836
3.507,0.205,0.099,,0.033606557
3.529,0.254,0.118,,0.041639344
3.551,0.285,0.112,,0.046721311
3.573,0.291,0.105,,0.047704918
3.61,0.298,0.112,,0.048852459
3.631,0.279,0.118,,0.045737705
3.654,0.236,0.105,,0.038688525
3.676,0.205,0.105,,0.033606557
3.698,0.136,0.118,,0.022295082
3.72,0.062,0.105,,0.010163934
3.743,0.006,0.112,,0.000983607
3.775,-0.099,0.105,,-0.016229508
3.798,-0.161,0.118,,-0.026393443
3.82,-0.223,0.105,,-0.036557377
3.842,-0.26,0.112,,-0.042622951
3.865,-0.291,0.118,,-0.047704918
3.886,-0.304,0.105,,-0.049836066
3.909,-0.285,0.112,,-0.046721311
3.931,-0.242,0.118,,-0.039672131
3.954,-0.223,0.105,,-0.036557377
3.975,-0.167,0.112,,-0.027377049
3.998,-0.105,0.118,,-0.017213115
4.02,-0.05,0.105,,-0.008196721
4.042,0.019,0.112,,0.003114754
4.064,0.099,0.124,,0.016229508
4.097,0.186,0.118,,0.030491803
4.12,0.211,0.112,,0.034590164
4.141,0.254,0.112,,0.041639344
4.164,0.285,0.124,,0.046721311
4.191,0.291,0.112,,0.047704918
4.214,0.291,0.124,,0.047704918
4.235,0.254,0.112,,0.041639344
4.258,0.229,0.112,,0.037540984
4.28,0.198,0.124,,0.032459016
4.302,0.124,0.112,,0.020327869
4.324,0.074,0.112,,0.012131148
4.347,0.006,0.124,,0.000983607
4.368,-0.068,0.118,,-0.011147541
4.391,-0.13,0.112,,-0.021311475
4.413,-0.192,0.124,,-0.03147541
4.436,-0.248,0.118,,-0.040655738
4.457,-0.273,0.118,,-0.044754098
4.48,-0.273,0.13,,-0.044754098
4.503,-0.291,0.118,,-0.047704918
4.525,-0.273,0.118,,-0.044754098
4.547,-0.236,0.13,,-0.038688525
4.569,-0.198,0.118,,-0.032459016
4.592,-0.13,0.118,,-0.021311475
4.613,-0.068,0.13,,-0.011147541
4.636,-0.012,0.118,,-0.001967213
4.669,0.068,0.118,,0.011147541
4.691,0.136,0.118,,0.022295082
4.713,0.198,0.13,,0.032459016
4.736,0.217,0.124,,0.03557377
4.777,0.279,0.124,,0.045737705
4.801,0.279,0.13,,0.045737705
4.824,0.267,0.118,,0.043770492
4.848,0.248,0.13,,0.040655738
4.871,0.192,0.118,,0.03147541
4.896,0.155,0.136,,0.025409836
4.919,0.093,0.124,,0.015245902
4.943,0.031,0.124,,0.005081967
4.966,-0.025,0.13,,-0.004098361
4.99,-0.112,0.118,,-0.018360656
5.015,-0.161,0.136,,-0.026393443
5.038,-0.217,0.124,,-0.03557377
5.062,-0.248,0.13,,-0.040655738
5.096,-0.254,0.136,,-0.041639344
5.12,-0.26,0.124,,-0.042622951
5.144,-0.229,0.136,,-0.037540984
5.168,-0.192,0.13,,-0.03147541
5.192,-0.136,0.124,,-0.022295082
5.215,-0.099,0.136,,-0.016229508
5.239,-0.025,0.124,,-0.004098361
5.263,0.05,0.136,,0.008196721
5.287,0.105,0.124,,0.017213115
5.31,0.174,0.136,,0.02852459
5.334,0.198,0.13,,0.032459016
5.359,0.242,0.124,,0.039672131
5.387,0.254,0.124,,0.041639344
5.411,0.273,0.136,,0.044754098
5.435,0.248,0.13,,0.040655738
5.459,0.223,0.13,,0.036557377
5.482,0.186,0.143,,0.030491803
5.506,0.13,0.13,,0.021311475
5.53,0.081,0.143,,0.013278689
5.554,0.006,0.13,,0.000983607
5.578,-0.043,0.136,,-0.00704918
5.613,-0.13,0.136,,-0.021311475
5.636,-0.205,0.13,,-0.033606557
5.66,-0.223,0.136,,-0.036557377
5.684,-0.242,0.143,,-0.039672131
5.708,-0.254,0.13,,-0.041639344
5.731,-0.236,0.143,,-0.038688525
5.755,-0.217,0.13,,-0.03557377
5.779,-0.161,0.143,,-0.026393443
5.803,-0.124,0.13,,-0.020327869
5.827,-0.043,0.136,,-0.00704918
5.851,0.019,0.143,,0.003114754
5.875,0.056,0.13,,0.009180328
5.898,0.13,0.143,,0.021311475
5.922,0.155,0.136,,0.025409836
5.945,0.217,0.149,,0.03557377
5.97,0.223,0.136,,0.036557377
5.999,0.254,0.149,,0.041639344
6.022,0.248,0.13,,0.040655738
6.046,0.236,0.143,,0.038688525
6.07,0.18,0.136,,0.029508197
6.104,0.118,0.136,,0.019344262
6.128,0.093,0.149,,0.015245902
6.152,0.031,0.143,,0.005081967
6.176,-0.031,0.136,,-0.005081967
6.199,-0.087,0.149,,-0.014262295
6.223,-0.143,0.136,,-0.023442623
6.247,-0.174,0.149,,-0.02852459
6.271,-0.223,0.136,,-0.036557377
6.295,-0.229,0.149,,-0.037540984
6.318,-0.236,0.143,,-0.038688525
6.343,-0.223,0.136,,-0.036557377
6.366,-0.167,0.149,,-0.027377049
6.39,-0.149,0.136,,-0.02442623
6.413,-0.093,0.149,,-0.015245902
6.438,-0.031,0.136,,-0.005081967
6.461,0.031,0.149,,0.005081967
6.485,0.074,0.149,,0.012131148
6.509,0.13,0.136,,0.021311475
6.532,0.18,0.155,,0.029508197
6.567,0.217,0.155,,0.03557377
6.591,0.217,0.143,,0.03557377
6.62,0.223,0.143,,0.036557377
6.644,0.242,0.149,,0.039672131
6.667,0.198,0.149,,0.032459016
6.692,0.167,0.143,,0.027377049
6.715,0.118,0.155,,0.019344262
6.739,0.05,0.143,,0.008196721
6.762,0.025,0.155,,0.004098361
6.787,-0.043,0.149,,-0.00704918
6.811,-0.087,0.149,,-0.014262295
6.834,-0.149,0.155,,-0.02442623
6.858,-0.18,0.143,,-0.029508197
6.882,-0.205,0.155,,-0.033606557
6.906,-0.229,0.143,,-0.037540984
6.929,-0.198,0.155,,-0.032459016
6.953,-0.217,0.149,,-0.03557377
6.978,-0.161,0.155,,-0.026393443
7.001,-0.13,0.155,,-0.021311475
7.025,-0.093,0.143,,-0.015245902
7.048,-0.012,0.155,,-0.001967213
7.073,0.019,0.143,,0.003114754
7.096,0.074,0.161,,0.012131148
7.13,0.143,0.161,,0.023442623
7.155,0.161,0.149,,0.026393443
7.178,0.211,0.155,,0.034590164
7.202,0.211,0.155,,0.034590164
7.23,0.223,0.161,,0.036557377
7.255,0.205,0.149,,0.033606557
7.279,0.192,0.161,,0.03147541
7.302,0.155,0.155,,0.025409836
7.326,0.112,0.149,,0.018360656
7.349,0.068,0.161,,0.011147541
7.374,0.006,0.149,,0.000983607
7.397,-0.025,0.161,,-0.004098361
7.421,-0.105,0.149,,-0.017213115
7.444,-0.136,0.161,,-0.022295082
7.469,-0.174,0.161,,-0.02852459
7.493,-0.205,0.155,,-0.033606557
7.527,-0.205,0.155,,-0.033606557
7.551,-0.192,0.161,,-0.03147541
7.575,-0.18,0.155,,-0.029508197
7.599,-0.149,0.167,,-0.02442623
7.623,-0.105,0.155,,-0.017213115
7.646,-0.037,0.167,,-0.006065574
7.67,0,0.155,,0
7.693,0.062,0.155,,0.010163934
7.718,0.105,0.167,,0.017213115
7.741,0.13,0.155,,0.021311475
7.765,0.192,0.167,,0.03147541
7.789,0.198,0.155,,0.032459016
7.812,0.217,0.167,,0.03557377
7.842,0.211,0.155,,0.034590164
7.865,0.205,0.167,,0.033606557
7.889,0.18,0.155,,0.029508197
7.912,0.149,0.174,,0.02442623
7.937,0.093,0.161,,0.015245902
7.961,0.05,0.161,,0.008196721
7.984,0,0.174,,0
8.008,-0.05,0.161,,-0.008196721
8.031,-0.093,0.174,,-0.015245902
8.056,-0.149,0.155,,-0.02442623
8.079,-0.167,0.167,,-0.027377049
8.103,-0.198,0.161,,-0.032459016
8.138,-0.205,0.161,,-0.033606557
8.161,-0.18,0.167,,-0.029508197
8.185,-0.167,0.167,,-0.027377049
8.208,-0.118,0.161,,-0.019344262
8.233,-0.087,0.174,,-0.014262295
8.257,-0.043,0.161,,-0.00704918
8.28,0.025,0.174,,0.004098361
8.304,0.05,0.161,,0.008196721
8.328,0.099,0.167,,0.016229508
8.352,0.149,0.174,,0.02442623
8.375,0.167,0.161,,0.027377049
8.399,0.198,0.174,,0.032459016
8.422,0.198,0.161,,0.032459016
8.463,0.205,0.174,,0.033606557
8.487,0.18,0.167,,0.029508197
8.51,0.155,0.167,,0.025409836
8.534,0.112,0.174,,0.018360656
8.558,0.074,0.167,,0.012131148
8.582,0.037,0.18,,0.006065574
8.606,-0.037,0.167,,-0.006065574
8.629,-0.062,0.174,,-0.010163934
8.653,-0.112,0.174,,-0.018360656
8.676,-0.161,0.167,,-0.026393443
8.701,-0.186,0.174,,-0.030491803
8.724,-0.205,0.167,,-0.033606557
8.748,-0.192,0.18,,-0.03147541
8.772,-0.186,0.167,,-0.030491803
8.796,-0.149,0.18,,-0.02442623
8.82,-0.13,0.174,,-0.021311475
8.843,-0.074,0.167,,-0.012131148
8.867,-0.031,0.18,,-0.005081967
8.89,0.012,0.167,,0.001967213
8.915,0.081,0.18,,0.013278689
8.938,0.087,0.167,,0.014262295
8.962,0.143,0.18,,0.023442623
8.986,0.161,0.174,,0.026393443
9.009,0.18,0.167,,0.029508197
9.033,0.198,0.18,,0.032459016
9.078,0.186,0.174,,0.030491803
9.101,0.167,0.18,,0.027377049
9.125,0.136,0.174,,0.022295082
9.149,0.099,0.186,,0.016229508
9.183,0.037,0.186,,0.006065574
9.207,-0.037,0.174,,-0.006065574
9.231,-0.05,0.186,,-0.008196721
9.255,-0.105,0.174,,-0.017213115
9.278,-0.136,0.18,,-0.022295082
9.303,-0.18,0.18,,-0.029508197
9.327,-0.18,0.174,,-0.029508197
9.35,-0.186,0.186,,-0.030491803
9.374,-0.198,0.174,,-0.032459016
9.398,-0.143,0.186,,-0.023442623
9.433,-0.099,0.186,,-0.016229508
9.457,-0.068,0.174,,-0.011147541
9.48,-0.006,0.186,,-0.000983607
9.504,0.019,0.18,,0.003114754
9.528,0.068,0.18,,0.011147541
9.552,0.118,0.186,,0.019344262
9.575,0.13,0.174,,0.021311475
9.599,0.174,0.186,,0.02852459
9.623,0.167,0.174,,0.027377049
9.647,0.198,0.186,,0.032459016
9.671,0.174,0.18,,0.02852459
9.71,0.161,0.18,,0.026393443
9.733,0.124,0.192,,0.020327869
9.757,0.081,0.18,,0.013278689
9.78,0.056,0.192,,0.009180328
9.804,0,0.18,,0
9.828,-0.031,0.18,,-0.005081967
9.852,-0.081,0.192,,-0.013278689
9.875,-0.112,0.18,,-0.018360656
9.899,-0.143,0.192,,-0.023442623
9.924,-0.174,0.18,,-0.02852459
9.947,-0.161,0.192,,-0.026393443
9.971,-0.18,0.186,,-0.029508197
9.994,-0.155,0.186,,-0.025409836
10.019,-0.124,0.192,,-0.020327869
10.042,-0.093,0.18,,-0.015245902
10.066,-0.05,0.192,,-0.008196721
10.09,-0.025,0.18,,-0.004098361
10.114,0.037,0.192,,0.006065574
10.138,0.062,0.186,,0.010163934
10.161,0.112,0.186,,0.018360656
10.196,0.161,0.192,,0.026393443
10.22,0.174,0.192,,0.02852459
10.243,0.186,0.186,,0.030491803
10.268,0.18,0.198,,0.029508197
10.291,0.174,0.186,,0.02852459
10.321,0.143,0.186,,0.023442623
10.344,0.112,0.192,,0.018360656
10.368,0.087,0.198,,0.014262295
10.404,0.025,0.192,,0.004098361
10.427,-0.012,0.186,,-0.001967213
10.452,-0.056,0.198,,-0.009180328
10.476,-0.105,0.186,,-0.017213115
10.499,-0.136,0.198,,-0.022295082
10.524,-0.18,0.186,,-0.029508197
10.547,-0.161,0.198,,-0.026393443
10.572,-0.174,0.186,,-0.02852459
10.595,-0.143,0.198,,-0.023442623
10.62,-0.118,0.192,,-0.019344262
10.643,-0.099,0.192,,-0.016229508
10.668,-0.062,0.205,,-0.010163934
10.692,-0.019,0.186,,-0.003114754
10.716,0.019,0.198,,0.003114754
10.74,0.056,0.192,,0.009180328
10.764,0.105,0.198,,0.017213115
10.788,0.112,0.192,,0.018360656
10.812,0.155,0.198,,0.025409836
10.836,0.167,0.198,,0.027377049
10.86,0.174,0.192,,0.02852459
10.889,0.167,0.192,,0.027377049
10.914,0.161,0.205,,0.026393443
10.937,0.124,0.192,,0.020327869
10.962,0.105,0.198,,0.017213115
10.985,0.068,0.205,,0.011147541
11.009,0.025,0.192,,0.004098361
11.034,-0.006,0.205,,-0.000983607
11.057,-0.05,0.192,,-0.008196721
11.082,-0.087,0.205,,-0.014262295
11.105,-0.136,0.192,,-0.022295082
11.13,-0.136,0.205,,-0.022295082
11.153,-0.167,0.198,,-0.027377049
11.178,-0.161,0.198,,-0.026393443
11.202,-0.155,0.205,,-0.025409836
11.236,-0.118,0.205,,-0.019344262
11.261,-0.087,0.198,,-0.014262295
11.284,-0.043,0.205,,-0.00704918
11.309,-0.019,0.198,,-0.003114754
11.333,0.025,0.211,,0.004098361
11.367,0.081,0.211,,0.013278689
11.392,0.118,0.198,,0.019344262
11.416,0.143,0.211,,0.023442623
11.44,0.149,0.198,,0.02442623
11.464,0.167,0.211,,0.027377049
11.493,0.167,0.198,,0.027377049
11.517,0.155,0.211,,0.025409836
11.542,0.124,0.198,,0.020327869
11.565,0.099,0.217,,0.016229508
11.59,0.062,0.198,,0.010163934
11.613,0.05,0.211,,0.008196721
11.637,-0.012,0.205,,-0.001967213
11.661,-0.043,0.205,,-0.00704918
11.685,-0.081,0.211,,-0.013278689
11.709,-0.124,0.205,,-0.020327869
11.733,-0.124,0.211,,-0.020327869
11.758,-0.155,0.198,,-0.025409836
11.781,-0.155,0.211,,-0.025409836
11.806,-0.161,0.205,,-0.026393443
11.829,-0.124,0.211,,-0.020327869
11.853,-0.105,0.211,,-0.017213115
11.877,-0.068,0.198,,-0.011147541
11.901,-0.037,0.217,,-0.006065574
11.926,0,0.205,,0
11.949,0.056,0.217,,0.009180328
11.974,0.062,0.205,,0.010163934
11.997,0.118,0.217,,0.019344262
12.022,0.124,0.205,,0.020327869
12.045,0.149,0.211,,0.02442623
12.075,0.143,0.205,,0.023442623
12.099,0.161,0.217,,0.026393443
12.123,0.136,0.205,,0.022295082
12.147,0.136,0.217,,0.022295082
12.17,0.099,0.211,,0.016229508
12.195,0.074,0.211,,0.012131148
12.218,0.037,0.217,,0.006065574
12.253,-0.012,0.217,,-0.001967213
12.278,-0.056,0.205,,-0.009180328
12.313,-0.081,0.217,,-0.013278689
12.336,-0.124,0.217,,-0.020327869
12.361,-0.143,0.211,,-0.023442623
12.384,-0.143,0.223,,-0.023442623
12.409,-0.136,0.205,,-0.022295082
12.432,-0.112,0.223,,-0.018360656
12.457,-0.112,0.205,,-0.018360656
12.481,-0.062,0.223,,-0.010163934
12.505,-0.037,0.211,,-0.006065574
12.529,0,0.217,,0
12.553,0.037,0.223,,0.006065574
12.577,0.043,0.211,,0.00704918
12.6,0.105,0.223,,0.017213115
12.625,0.112,0.211,,0.018360656
12.648,0.149,0.223,,0.02442623
12.678,0.155,0.217,,0.025409836
12.703,0.149,0.223,,0.02442623
12.726,0.13,0.211,,0.021311475
12.75,0.118,0.223,,0.019344262
12.774,0.105,0.211,,0.017213115
12.798,0.087,0.223,,0.014262295
12.823,0.037,0.217,,0.006065574
12.846,0.025,0.223,,0.004098361
12.871,-0.031,0.223,,-0.005081967
12.894,-0.068,0.211,,-0.011147541
12.919,-0.093,0.229,,-0.015245902
12.942,-0.124,0.217,,-0.020327869
12.967,-0.118,0.223,,-0.019344262
12.99,-0.143,0.217,,-0.023442623
13.014,-0.13,0.229,,-0.021311475
13.039,-0.136,0.217,,-0.022295082
13.062,-0.099,0.223,,-0.016229508
13.087,-0.081,0.229,,-0.013278689
13.11,-0.037,0.217,,-0.006065574
13.135,0.006,0.229,,0.000983607
13.158,0.025,0.217,,0.004098361
13.183,0.062,0.229,,0.010163934
13.207,0.074,0.217,,0.012131148
13.23,0.118,0.229,,0.019344262
13.271,0.143,0.223,,0.023442623
13.306,0.136,0.223,,0.022295082
13.329,0.167,0.223,,0.027377049
13.354,0.124,0.229,,0.020327869
13.378,0.105,0.217,,0.017213115
13.401,0.087,0.229,,0.014262295
13.426,0.043,0.217,,0.00704918
13.449,0.031,0.236,,0.005081967
13.474,-0.025,0.223,,-0.004098361
13.497,-0.043,0.229,,-0.00704918
13.522,-0.081,0.223,,-0.013278689
13.545,-0.105,0.229,,-0.017213115
13.57,-0.124,0.229,,-0.020327869
13.594,-0.136,0.223,,-0.022295082
13.617,-0.13,0.236,,-0.021311475
13.642,-0.118,0.223,,-0.019344262
13.665,-0.093,0.236,,-0.015245902
13.69,-0.093,0.223,,-0.015245902
13.713,-0.043,0.236,,-0.00704918
13.738,-0.019,0.229,,-0.003114754
13.762,0.006,0.223,,0.000983607
13.786,0.05,0.236,,0.008196721
13.81,0.074,0.229,,0.012131148
13.833,0.118,0.236,,0.019344262
13.863,0.13,0.236,,0.021311475
13.887,0.13,0.236,,0.021311475
13.911,0.143,0.229,,0.023442623
13.935,0.13,0.236,,0.021311475
13.959,0.118,0.229,,0.019344262
13.983,0.118,0.242,,0.019344262
14.007,0.087,0.229,,0.014262295
14.031,0.068,0.236,,0.011147541
14.055,0.025,0.229,,0.004098361
14.079,-0.012,0.236,,-0.001967213
14.103,-0.05,0.242,,-0.008196721
14.127,-0.068,0.229,,-0.011147541
14.151,-0.081,0.242,,-0.013278689
14.175,-0.105,0.229,,-0.017213115
14.199,-0.112,0.242,,-0.018360656
14.234,-0.118,0.242,,-0.019344262
14.258,-0.118,0.229,,-0.019344262
14.282,-0.081,0.242,,-0.013278689
14.317,-0.031,0.242,,-0.005081967
14.341,-0.031,0.229,,-0.005081967
14.365,0.019,0.242,,0.003114754
14.388,0.043,0.236,,0.00704918
14.413,0.068,0.236,,0.011147541
14.454,0.112,0.242,,0.018360656
14.477,0.124,0.229,,0.020327869
14.501,0.13,0.242,,0.021311475
14.525,0.105,0.229,,0.017213115
14.549,0.13,0.248,,0.021311475
14.573,0.099,0.236,,0.016229508
14.597,0.099,0.242,,0.016229508
14.621,0.068,0.242,,0.011147541
14.645,0.037,0.236,,0.006065574
14.669,0.006,0.248,,0.000983607
14.693,-0.012,0.236,,-0.001967213
14.717,-0.031,0.248,,-0.005081967
14.74,-0.074,0.236,,-0.012131148
14.765,-0.081,0.248,,-0.013278689
14.789,-0.105,0.236,,-0.017213115
14.813,-0.105,0.242,,-0.017213115
14.837,-0.118,0.248,,-0.019344262
14.861,-0.105,0.236,,-0.017213115
14.885,-0.081,0.248,,-0.013278689
14.909,-0.068,0.236,,-0.011147541
14.933,-0.037,0.248,,-0.006065574
14.958,-0.012,0.242,,-0.001967213
14.981,0.019,0.248,,0.003114754
15.005,0.043,0.242,,0.00704918
15.034,0.081,0.248,,0.013278689
15.059,0.093,0.236,,0.015245902
15.082,0.112,0.254,,0.018360656
15.107,0.112,0.242,,0.018360656
15.131,0.136,0.248,,0.022295082
15.154,0.112,0.248,,0.018360656
15.19,0.093,0.242,,0.015245902
15.214,0.093,0.248,,0.015245902
15.237,0.068,0.248,,0.011147541
15.262,0.031,0.242,,0.005081967
15.285,0.012,0.254,,0.001967213
15.31,-0.025,0.242,,-0.004098361
15.333,-0.043,0.254,,-0.00704918
15.368,-0.074,0.254,,-0.012131148
15.392,-0.105,0.242,,-0.017213115
15.416,-0.112,0.254,,-0.018360656
15.44,-0.118,0.242,,-0.019344262
15.464,-0.093,0.254,,-0.015245902
15.488,-0.087,0.248,,-0.014262295
15.513,-0.074,0.248,,-0.012131148
15.536,-0.037,0.254,,-0.006065574
15.56,-0.012,0.248,,-0.001967213
15.584,0.019,0.26,,0.003114754
15.608,0.031,0.248,,0.005081967
15.638,0.05,0.254,,0.008196721
15.662,0.081,0.248,,0.013278689
15.686,0.105,0.26,,0.017213115
15.709,0.112,0.248,,0.018360656
15.734,0.118,0.26,,0.019344262
15.757,0.105,0.248,,0.017213115
15.782,0.118,0.26,,0.019344262
15.805,0.087,0.248,,0.014262295
15.83,0.074,0.248,,0.012131148
15.854,0.068,0.26,,0.011147541
15.877,0.031,0.248,,0.005081967
15.902,0.006,0.26,,0.000983607
15.925,-0.019,0.248,,-0.003114754
15.95,-0.05,0.26,,-0.008196721
15.973,-0.087,0.248,,-0.014262295
15.997,-0.081,0.26,,-0.013278689
16.022,-0.105,0.26,,-0.017213115
16.045,-0.105,0.248,,-0.017213115
16.07,-0.099,0.267,,-0.016229508
16.093,-0.087,0.248,,-0.014262295
16.118,-0.074,0.26,,-0.012131148
16.153,-0.037,0.26,,-0.006065574
16.176,-0.006,0.254,,-0.000983607
16.201,0.019,0.267,,0.003114754
16.23,0.043,0.26,,0.00704918
16.254,0.062,0.26,,0.010163934
16.278,0.074,0.254,,0.012131148
16.302,0.105,0.267,,0.017213115
16.326,0.105,0.254,,0.017213115
16.35,0.124,0.267,,0.020327869
16.384,0.112,0.267,,0.018360656
16.409,0.099,0.254,,0.016229508
16.432,0.093,0.267,,0.015245902
16.456,0.056,0.254,,0.009180328
16.48,0.043,0.26,,0.00704918
16.504,0.019,0.267,,0.003114754
16.528,-0.012,0.254,,-0.001967213
16.552,-0.037,0.267,,-0.006065574
16.575,-0.062,0.254,,-0.010163934
16.6,-0.081,0.267,,-0.013278689
16.624,-0.105,0.254,,-0.017213115
16.648,-0.093,0.267,,-0.015245902
16.672,-0.105,0.26,,-0.017213115
16.696,-0.081,0.26,,-0.013278689
16.72,-0.087,0.273,,-0.014262295
16.743,-0.062,0.26,,-0.010163934
16.768,-0.031,0.273,,-0.005081967
16.792,-0.025,0.26,,-0.004098361
16.821,0.025,0.267,,0.004098361
16.846,0.05,0.26,,0.008196721
16.869,0.05,0.273,,0.008196721
16.893,0.074,0.26,,0.012131148
16.918,0.105,0.273,,0.017213115
16.941,0.099,0.26,,0.016229508
16.965,0.124,0.273,,0.020327869
16.989,0.099,0.267,,0.016229508
17.013,0.099,0.267,,0.016229508
17.037,0.081,0.273,,0.013278689
17.061,0.062,0.26,,0.010163934
17.084,0.05,0.273,,0.008196721
17.12,0.012,0.273,,0.001967213
17.144,-0.025,0.26,,-0.004098361
17.167,-0.031,0.273,,-0.005081967
17.192,-0.074,0.26,,-0.012131148
17.215,-0.074,0.273,,-0.012131148
17.24,-0.093,0.267,,-0.015245902
17.264,-0.081,0.273,,-0.013278689
17.288,-0.087,0.273,,-0.014262295
17.312,-0.068,0.267,,-0.011147541
17.335,-0.05,0.273,,-0.008196721
17.36,-0.025,0.267,,-0.004098361
17.383,-0.025,0.279,,-0.004098361
17.424,0.006,0.267,,0.000983607
17.448,0.05,0.273,,0.008196721
17.471,0.062,0.273,,0.010163934
17.496,0.068,0.267,,0.011147541
17.52,0.093,0.279,,0.015245902
17.543,0.105,0.267,,0.017213115
17.568,0.099,0.279,,0.016229508
17.591,0.093,0.267,,0.015245902
17.616,0.105,0.279,,0.017213115
17.639,0.074,0.273,,0.012131148
17.663,0.068,0.273,,0.011147541
17.688,0.043,0.279,,0.00704918
17.711,0.025,0.267,,0.004098361
17.736,0.025,0.279,,0.004098361
17.759,-0.025,0.267,,-0.004098361
17.783,-0.037,0.279,,-0.006065574
17.807,-0.062,0.267,,-0.010163934
17.831,-0.081,0.279,,-0.013278689
17.855,-0.074,0.279,,-0.012131148
17.879,-0.093,0.273,,-0.015245902
17.903,-0.074,0.279,,-0.012131148
17.927,-0.081,0.273,,-0.013278689
17.951,-0.056,0.285,,-0.009180328
17.975,-0.037,0.267,,-0.006065574
18.005,-0.019,0.279,,-0.003114754
18.029,0.012,0.273,,0.001967213
18.063,0.037,0.273,,0.006065574
18.087,0.062,0.285,,0.010163934
18.111,0.068,0.273,,0.011147541
18.135,0.087,0.285,,0.014262295
18.159,0.093,0.273,,0.015245902
18.183,0.105,0.285,,0.017213115
18.207,0.099,0.273,,0.016229508
18.231,0.093,0.279,,0.015245902
18.255,0.074,0.285,,0.012131148
18.278,0.062,0.273,,0.010163934
18.303,0.031,0.285,,0.005081967
18.327,0.006,0.273,,0.000983607
18.351,0.006,0.285,,0.000983607
18.375,-0.031,0.273,,-0.005081967
18.398,-0.031,0.285,,-0.005081967
18.433,-0.062,0.291,,-0.010163934
18.458,-0.087,0.279,,-0.014262295
18.481,-0.074,0.285,,-0.012131148
18.505,-0.074,0.285,,-0.012131148
18.529,-0.081,0.279,,-0.013278689
18.553,-0.056,0.285,,-0.009180328
18.577,-0.031,0.279,,-0.005081967
18.6,-0.025,0.285,,-0.004098361
18.623,-0.006,0.279,,-0.000983607
18.648,0.019,0.285,,0.003114754
18.672,0.031,0.285,,0.005081967
18.696,0.074,0.279,,0.012131148
18.72,0.068,0.291,,0.011147541
18.743,0.081,0.279,,0.013278689
18.768,0.105,0.291,,0.017213115
18.791,0.087,0.279,,0.014262295
18.815,0.099,0.291,,0.016229508
18.84,0.081,0.285,,0.013278689
18.863,0.081,0.285,,0.013278689
18.887,0.068,0.291,,0.011147541
18.911,0.043,0.279,,0.00704918
18.935,0.019,0.291,,0.003114754
18.959,0,0.279,,0
18.983,-0.012,0.291,,-0.001967213
19.006,-0.043,0.285,,-0.00704918
19.041,-0.056,0.285,,-0.009180328
19.066,-0.062,0.291,,-0.010163934
19.089,-0.081,0.285,,-0.013278689
19.114,-0.074,0.285,,-0.012131148
19.138,-0.056,0.298,,-0.009180328
19.178,-0.043,0.285,,-0.00704918
19.202,-0.031,0.298,,-0.005081967
19.227,-0.025,0.285,,-0.004098361
19.25,0.019,0.298,,0.003114754
19.274,0.019,0.285,,0.003114754
19.298,0.062,0.291,,0.010163934
19.322,0.062,0.291,,0.010163934
19.345,0.081,0.285,,0.013278689
19.37,0.093,0.298,,0.015245902
19.394,0.074,0.285,,0.012131148
19.418,0.093,0.298,,0.015245902
19.442,0.074,0.285,,0.012131148
19.476,0.056,0.285,,0.009180328
19.5,0.056,0.304,,0.009180328
19.524,0.031,0.285,,0.005081967
19.548,0.031,0.298,,0.005081967
19.572,-0.006,0.298,,-0.000983607
19.596,-0.019,0.291,,-0.003114754
19.62,-0.031,0.304,,-0.005081967
19.643,-0.05,0.291,,-0.008196721
19.668,-0.056,0.304,,-0.009180328
19.692,-0.081,0.291,,-0.013278689
19.716,-0.074,0.304,,-0.012131148
19.74,-0.074,0.291,,-0.012131148
19.769,-0.062,0.304,,-0.010163934
19.793,-0.037,0.291,,-0.006065574
19.817,-0.025,0.304,,-0.004098361
19.841,-0.012,0.291,,-0.001967213
19.866,0.025,0.304,,0.004098361
19.889,0.025,0.298,,0.004098361
19.913,0.043,0.291,,0.00704918
19.937,0.062,0.304,,0.010163934
19.961,0.05,0.291,,0.008196721
19.996,0.081,0.291,,0.013278689
20.02,0.093,0.304,,0.015245902
20.044,0.074,0.291,,0.012131148
20.067,0.081,0.304,,0.013278689
20.092,0.05,0.291,,0.008196721
20.115,0.062,0.304,,0.010163934
20.14,0.037,0.298,,0.006065574
20.164,0.019,0.298,,0.003114754
20.187,0,0.31,,0
20.212,-0.037,0.298,,-0.006065574
20.235,-0.025,0.31,,-0.004098361
20.26,-0.062,0.291,,-0.010163934
20.283,-0.05,0.31,,-0.008196721
20.307,-0.074,0.298,,-0.012131148
20.332,-0.056,0.304,,-0.009180328
20.361,-0.068,0.298,,-0.011147541
20.385,-0.043,0.31,,-0.00704918
20.408,-0.037,0.298,,-0.006065574
20.433,-0.012,0.31,,-0.001967213
20.456,-0.006,0.298,,-0.000983607
20.481,0.019,0.304,,0.003114754
20.531,0.05,0.31,,0.008196721
20.556,0.062,0.31,,0.010163934
20.579,0.068,0.298,,0.011147541
20.603,0.087,0.31,,0.014262295
20.627,0.074,0.298,,0.012131148
20.651,0.081,0.31,,0.013278689
20.675,0.081,0.298,,0.013278689
20.699,0.068,0.31,,0.011147541
20.723,0.05,0.31,,0.008196721
20.746,0.037,0.304,,0.006065574
20.771,0.025,0.316,,0.004098361
20.794,-0.012,0.304,,-0.001967213
20.819,-0.006,0.316,,-0.000983607
20.842,-0.05,0.304,,-0.008196721
20.866,-0.031,0.316,,-0.005081967
20.891,-0.062,0.304,,-0.010163934
20.914,-0.056,0.31,,-0.009180328
20.939,-0.068,0.31,,-0.011147541
20.979,-0.062,0.304,,-0.010163934
21.003,-0.043,0.316,,-0.00704918
21.027,-0.037,0.304,,-0.006065574
21.05,0,0.316,,0
21.075,-0.006,0.304,,-0.000983607
21.098,0.019,0.316,,0.003114754
21.123,0.031,0.31,,0.005081967
21.147,0.056,0.31,,0.009180328
21.17,0.05,0.316,,0.008196721
21.195,0.056,0.304,,0.009180328
21.218,0.062,0.322,,0.010163934
21.242,0.068,0.304,,0.011147541
21.266,0.074,0.316,,0.012131148
21.29,0.062,0.31,,0.010163934
21.315,0.062,0.31,,0.010163934
21.338,0.05,0.316,,0.008196721
21.362,0.031,0.31,,0.005081967
21.386,0.019,0.322,,0.003114754
21.41,-0.012,0.31,,-0.001967213
21.433,-0.012,0.322,,-0.001967213
21.458,-0.025,0.31,,-0.004098361
21.481,-0.025,0.316,,-0.004098361
21.506,-0.05,0.316,,-0.008196721
21.54,-0.062,0.31,,-0.010163934
21.57,-0.043,0.322,,-0.00704918
21.594,-0.056,0.31,,-0.009180328
21.618,-0.031,0.322,,-0.005081967
21.641,-0.031,0.31,,-0.005081967
21.666,-0.006,0.322,,-0.000983607
21.689,0,0.316,,0
21.714,0.012,0.31,,0.001967213
21.737,0.025,0.322,,0.004098361
21.761,0.05,0.31,,0.008196721
21.786,0.062,0.322,,0.010163934
21.809,0.05,0.31,,0.008196721
21.833,0.081,0.322,,0.013278689
21.857,0.062,0.316,,0.010163934
21.881,0.074,0.316,,0.012131148
21.916,0.074,0.322,,0.012131148
21.94,0.043,0.316,,0.00704918
21.964,0.031,0.316,,0.005081967
21.987,0.019,0.329,,0.003114754
22.012,-0.006,0.316,,-0.000983607
22.035,-0.006,0.329,,-0.000983607
22.059,-0.031,0.316,,-0.005081967
22.084,-0.019,0.329,,-0.003114754
22.107,-0.043,0.316,,-0.00704918
22.132,-0.037,0.322,,-0.006065574
22.161,-0.056,0.316,,-0.009180328
22.185,-0.043,0.329,,-0.00704918
22.209,-0.043,0.316,,-0.00704918
22.233,-0.019,0.329,,-0.003114754
22.257,-0.031,0.316,,-0.005081967
22.28,-0.006,0.322,,-0.000983607
22.305,0.012,0.329,,0.001967213
22.328,0.006,0.316,,0.000983607
22.353,0.043,0.329,,0.00704918
22.376,0.043,0.316,,0.00704918
22.4,0.062,0.329,,0.010163934
22.425,0.068,0.322,,0.011147541
22.448,0.074,0.329,,0.012131148
22.472,0.062,0.329,,0.010163934
22.496,0.043,0.316,,0.00704918
22.52,0.074,0.329,,0.012131148
22.544,0.043,0.322,,0.00704918
22.578,0.031,0.322,,0.005081967
22.603,0.006,0.329,,0.000983607
22.626,-0.012,0.322,,-0.001967213
22.65,0.006,0.335,,0.000983607
22.674,-0.025,0.322,,-0.004098361
22.698,-0.031,0.329,,-0.005081967
22.722,-0.037,0.329,,-0.006065574
22.752,-0.037,0.335,,-0.006065574
22.776,-0.05,0.322,,-0.008196721
22.799,-0.037,0.335,,-0.006065574
22.823,-0.056,0.329,,-0.009180328
22.847,-0.025,0.329,,-0.004098361
22.882,0,0.335,,0
22.906,0.006,0.329,,0.000983607
22.93,0.019,0.322,,0.003114754
22.954,0.012,0.335,,0.001967213
22.978,0.037,0.322,,0.006065574
23.002,0.05,0.335,,0.008196721
23.026,0.05,0.322,,0.008196721
23.049,0.068,0.335,,0.011147541
23.074,0.05,0.329,,0.008196721
23.097,0.056,0.329,,0.009180328
23.121,0.056,0.335,,0.009180328
23.145,0.043,0.329,,0.00704918
23.169,0.031,0.341,,0.005081967
23.193,0.025,0.329,,0.004098361
23.217,0.019,0.341,,0.003114754
23.241,-0.006,0.329,,-0.000983607
23.264,-0.006,0.335,,-0.000983607
23.289,-0.019,0.335,,-0.003114754
23.312,-0.025,0.329,,-0.004098361
23.342,-0.05,0.329,,-0.008196721
23.366,-0.031,0.341,,-0.005081967
23.39,-0.043,0.335,,-0.00704918
23.414,-0.037,0.329,,-0.006065574
23.438,-0.019,0.341,,-0.003114754
23.462,-0.031,0.329,,-0.005081967
23.485,-0.019,0.341,,-0.003114754
23.51,-0.006,0.329,,-0.000983607
23.534,0.019,0.347,,0.003114754
23.558,0.006,0.335,,0.000983607
23.592,0.037,0.329,,0.006065574
23.617,0.062,0.341,,0.010163934
23.64,0.043,0.335,,0.00704918
23.664,0.056,0.335,,0.009180328
23.688,0.068,0.347,,0.011147541
23.712,0.062,0.335,,0.010163934
23.735,0.043,0.341,,0.00704918
23.76,0.043,0.335,,0.00704918
23.783,0.043,0.347,,0.00704918
23.807,0.012,0.335,,0.001967213
23.842,0,0.335,,0
23.866,0.006,0.347,,0.000983607
23.89,-0.025,0.335,,-0.004098361
23.914,-0.025,0.341,,-0.004098361
23.955,-0.025,0.347,,-0.004098361
23.979,-0.043,0.335,,-0.00704918
24.003,-0.037,0.347,,-0.006065574
24.026,-0.037,0.335,,-0.006065574
24.051,-0.025,0.347,,-0.004098361
24.074,-0.019,0.335,,-0.003114754
24.099,0,0.341,,0
24.122,0,0.347,,0
24.146,0.006,0.335,,0.000983607
24.17,0.025,0.347,,0.004098361
24.194,0.031,0.335,,0.005081967
24.218,0.056,0.347,,0.009180328
24.242,0.037,0.341,,0.006065574
24.266,0.056,0.347,,0.009180328
24.289,0.05,0.347,,0.008196721
24.314,0.05,0.341,,0.008196721
24.337,0.05,0.353,,0.008196721
24.361,0.043,0.341,,0.00704918
24.386,0.037,0.353,,0.006065574
24.409,0.019,0.341,,0.003114754
24.433,0.025,0.353,,0.004098361
24.457,0,0.341,,0
24.481,0,0.347,,0
24.505,-0.006,0.347,,-0.000983607
24.535,-0.025,0.353,,-0.004098361
24.559,-0.037,0.341,,-0.006065574
24.582,-0.025,0.347,,-0.004098361
24.607,-0.037,0.347,,-0.006065574
24.639,-0.031,0.347,,-0.005081967
24.664,-0.031,0.347,,-0.005081967
24.688,-0.012,0.353,,-0.001967213
24.712,-0.006,0.341,,-0.000983607
24.736,0.019,0.36,,0.003114754
24.759,0.006,0.341,,0.000983607
24.795,0.025,0.341,,0.004098361
24.819,0.056,0.353,,0.009180328
24.842,0.037,0.341,,0.006065574
24.867,0.05,0.353,,0.008196721
24.89,0.043,0.347,,0.00704918
24.915,0.05,0.347,,0.008196721
24.938,0.043,0.353,,0.00704918
24.962,0.037,0.347,,0.006065574
24.987,0.031,0.36,,0.005081967
25.01,0.025,0.347,,0.004098361
25.035,0.025,0.36,,0.004098361
25.058,0,0.347,,0
25.082,0.012,0.353,,0.001967213
25.106,-0.006,0.353,,-0.000983607
25.136,-0.025,0.36,,-0.004098361
25.16,-0.037,0.347,,-0.006065574
25.184,-0.025,0.36,,-0.004098361
25.208,-0.031,0.347,,-0.005081967
25.232,-0.012,0.36,,-0.001967213
25.256,-0.031,0.353,,-0.005081967
25.281,-0.012,0.347,,-0.001967213
25.304,-0.012,0.36,,-0.001967213
25.329,-0.012,0.353,,-0.001967213
25.352,0.012,0.36,,0.001967213
25.377,0.012,0.347,,0.001967213
25.4,0.031,0.36,,0.005081967
25.425,0.019,0.347,,0.003114754
25.448,0.043,0.36,,0.00704918
25.473,0.043,0.36,,0.00704918
25.497,0.037,0.353,,0.006065574
25.521,0.05,0.36,,0.008196721
25.545,0.019,0.347,,0.003114754
25.568,0.043,0.366,,0.00704918
25.593,0.031,0.353,,0.005081967
25.616,0.031,0.366,,0.005081967
25.651,0.031,0.366,,0.005081967
25.676,0.006,0.353,,0.000983607
25.705,0.006,0.36,,0.000983607
25.74,-0.025,0.36,,-0.004098361
25.764,-0.019,0.353,,-0.003114754
25.787,-0.031,0.366,,-0.005081967
25.812,-0.031,0.353,,-0.005081967
25.836,-0.019,0.366,,-0.003114754
25.859,-0.031,0.353,,-0.005081967
25.884,-0.006,0.366,,-0.000983607
25.907,-0.012,0.353,,-0.001967213
25.931,0,0.36,,0
25.955,0.012,0.366,,0.001967213
25.979,0.006,0.353,,0.000983607
26.003,0.037,0.366,,0.006065574
26.027,0.025,0.353,,0.004098361
26.051,0.037,0.372,,0.006065574
26.075,0.025,0.353,,0.004098361
26.099,0.056,0.366,,0.009180328
26.122,0.043,0.366,,0.00704918
26.147,0.043,0.353,,0.00704918
26.17,0.043,0.372,,0.00704918
26.195,0.025,0.36,,0.004098361
26.218,0.043,0.372,,0.00704918
26.242,0.012,0.36,,0.001967213
26.267,0.012,0.372,,0.001967213
26.296,-0.006,0.36,,-0.000983607
26.32,0,0.372,,0
26.343,0.006,0.36,,0.000983607
26.368,-0.006,0.372,,-0.000983607
26.392,-0.031,0.36,,-0.005081967
26.416,-0.019,0.372,,-0.003114754
26.44,-0.019,0.366,,-0.003114754
26.464,-0.025,0.36,,-0.004098361
26.488,-0.019,0.372,,-0.003114754
26.511,-0.025,0.36,,-0.004098361
26.536,-0.012,0.372,,-0.001967213
26.559,0,0.36,,0
26.584,0.019,0.372,,0.003114754
26.608,0,0.366,,0
26.631,0.031,0.372,,0.005081967
26.656,0.025,0.372,,0.004098361
26.702,0.031,0.378,,0.005081967
26.725,0.031,0.366,,0.005081967
26.749,0.043,0.372,,0.00704918
26.774,0.025,0.372,,0.004098361
26.797,0.043,0.366,,0.00704918
26.821,0.025,0.372,,0.004098361
26.844,0.019,0.366,,0.003114754
26.869,0.025,0.378,,0.004098361
26.898,0.012,0.372,,0.001967213
26.922,0,0.378,,0
26.946,-0.012,0.366,,-0.001967213
26.97,-0.012,0.378,,-0.001967213
26.994,-0.012,0.366,,-0.001967213
27.017,-0.012,0.378,,-0.001967213
27.042,-0.031,0.366,,-0.005081967
27.065,-0.012,0.372,,-0.001967213
27.089,-0.012,0.372,,-0.001967213
27.113,-0.019,0.366,,-0.003114754
27.137,0,0.378,,0
27.161,0,0.366,,0
27.185,0.019,0.378,,0.003114754
27.209,0.006,0.366,,0.000983607
27.232,0.031,0.378,,0.005081967
27.257,0.031,0.378,,0.005081967
27.28,0.031,0.372,,0.005081967
27.304,0.043,0.378,,0.00704918
27.329,0.031,0.366,,0.005081967
27.352,0.043,0.378,,0.00704918
27.376,0.025,0.366,,0.004098361
27.4,0.043,0.378,,0.00704918
27.424,0.025,0.372,,0.004098361
27.447,0.019,0.372,,0.003114754
27.477,0,0.372,,0
27.502,0.012,0.384,,0.001967213
27.525,-0.006,0.372,,-0.000983607
27.549,0,0.378,,0
27.573,-0.006,0.378,,-0.000983607
27.597,-0.019,0.372,,-0.003114754
27.62,-0.006,0.384,,-0.000983607
27.655,-0.019,0.384,,-0.003114754
27.68,-0.031,0.372,,-0.005081967
27.714,-0.006,0.372,,-0.000983607
27.738,0.012,0.384,,0.001967213
27.762,0.006,0.372,,0.000983607
27.785,0,0.384,,0
27.81,0.006,0.372,,0.000983607
27.833,0.031,0.384,,0.005081967
27.857,0.025,0.378,,0.004098361
27.881,0.031,0.378,,0.005081967
27.905,0.05,0.391,,0.008196721
27.929,0.031,0.372,,0.005081967
27.953,0.031,0.391,,0.005081967
27.977,0.025,0.378,,0.004098361
28,0.031,0.384,,0.005081967
28.025,0.025,0.378,,0.004098361
28.048,0.012,0.378,,0.001967213
28.077,0.012,0.378,,0.001967213
28.101,0.025,0.391,,0.004098361
28.124,-0.006,0.378,,-0.000983607
28.149,0,0.384,,0
28.172,-0.006,0.391,,-0.000983607
28.196,0,0.378,,0
28.22,-0.006,0.391,,-0.000983607
28.244,-0.019,0.378,,-0.003114754
28.268,-0.006,0.391,,-0.000983607
28.292,-0.019,0.378,,-0.003114754
28.316,-0.006,0.391,,-0.000983607
28.339,0.006,0.391,,0.000983607
28.364,0.006,0.384,,0.000983607
28.387,0.012,0.391,,0.001967213
28.411,0.006,0.378,,0.000983607
28.435,0.012,0.391,,0.001967213
28.459,0.006,0.378,,0.000983607
28.483,0.031,0.391,,0.005081967
28.507,0.012,0.391,,0.001967213
28.531,0.025,0.384,,0.004098361
28.554,0.019,0.397,,0.003114754
28.579,0.031,0.378,,0.005081967
28.614,0.025,0.384,,0.004098361
28.637,0.019,0.397,,0.003114754
28.661,0.012,0.384,,0.001967213
28.691,0.006,0.384,,0.000983607
28.715,0,0.391,,0
28.75,0.012,0.391,,0.001967213
28.773,-0.006,0.391,,-0.000983607
28.797,-0.006,0.384,,-0.000983607
28.822,-0.012,0.397,,-0.001967213
28.845,-0.012,0.384,,-0.001967213
28.869,-0.006,0.397,,-0.000983607
28.893,-0.025,0.384,,-0.004098361
28.917,0,0.397,,0
28.94,0.006,0.391,,0.000983607
28.965,0,0.391,,0
28.988,0,0.397,,0
29.012,0.006,0.384,,0.000983607
29.037,0.019,0.397,,0.003114754
29.06,0.006,0.391,,0.000983607
29.084,0.031,0.403,,0.005081967
29.107,0.019,0.391,,0.003114754
29.132,0.025,0.391,,0.004098361
29.155,0.037,0.397,,0.006065574
29.179,0.025,0.391,,0.004098361
29.203,0.037,0.403,,0.006065574
29.227,0.012,0.391,,0.001967213
29.251,0.025,0.403,,0.004098361
29.28,0.006,0.391,,0.000983607
29.304,0.019,0.403,,0.003114754
29.328,-0.006,0.384,,-0.000983607
29.353,-0.006,0.403,,-0.000983607
29.377,-0.012,0.391,,-0.001967213
29.401,0.006,0.403,,0.000983607
29.425,-0.012,0.397,,-0.001967213
29.449,-0.019,0.397,,-0.003114754
29.473,-0.012,0.403,,-0.001967213
29.497,-0.006,0.391,,-0.000983607
29.521,-0.006,0.403,,-0.000983607
29.545,-0.006,0.391,,-0.000983607
29.58,-0.012,0.391,,-0.001967213
29.604,0.006,0.403,,0.000983607
29.628,0.012,0.391,,0.001967213
29.652,0.019,0.403,,0.003114754
29.677,0.006,0.391,,0.000983607
29.7,0.037,0.403,,0.006065574
29.725,0.012,0.397,,0.001967213
29.748,0.025,0.397,,0.004098361
29.783,0.031,0.403,,0.005081967
29.808,0.012,0.397,,0.001967213
29.831,0.019,0.397,,0.003114754
29.856,0.031,0.409,,0.005081967
29.878,0.012,0.397,,0.001967213
29.902,0.025,0.409,,0.004098361
29.926,0,0.397,,0
29.95,0.006,0.409,,0.000983607
29.975,-0.006,0.397,,-0.000983607
29.998,-0.006,0.403,,-0.000983607
30.023,-0.006,0.409,,-0.000983607
30.046,-0.006,0.397,,-0.000983607
30.071,0.006,0.409,,0.000983607
30.094,-0.031,0.397,,-0.005081967
30.119,0,0.409,,0
30.142,-0.012,0.397,,-0.001967213
30.167,0,0.409,,0
30.192,0,0.403,,0
30.215,0.012,0.403,,0.001967213
30.239,0.006,0.409,,0.000983607
30.263,0.019,0.397,,0.003114754
30.287,0.025,0.409,,0.004098361
30.311,0.012,0.403,,0.001967213
30.335,0.037,0.409,,0.006065574
30.36,0.012,0.397,,0.001967213
30.383,0.025,0.409,,0.004098361
30.408,0.019,0.409,,0.003114754
30.431,0.019,0.403,,0.003114754
30.461,0,0.403,,0
30.486,0.012,0.415,,0.001967213
30.509,0.006,0.403,,0.000983607
30.544,-0.006,0.403,,-0.000983607
30.568,0.012,0.415,,0.001967213
30.592,0,0.403,,0
30.617,0.019,0.409,,0.003114754
30.64,-0.006,0.409,,-0.000983607
30.665,-0.006,0.403,,-0.000983607
30.689,-0.006,0.415,,-0.000983607
30.713,0.006,0.403,,0.000983607
30.736,0.006,0.415,,0.000983607
30.761,0,0.403,,0
30.785,0.012,0.415,,0.001967213
30.819,0.012,0.415,,0.001967213
30.844,0.019,0.403,,0.003114754
30.867,0.025,0.415,,0.004098361
30.892,0.019,0.409,,0.003114754
30.916,0.019,0.415,,0.003114754
30.94,0.025,0.415,,0.004098361
30.964,0.019,0.409,,0.003114754
30.988,0.031,0.422,,0.005081967
31.012,0.025,0.403,,0.004098361
31.035,0.031,0.422,,0.005081967
31.065,0.012,0.409,,0.001967213
31.09,0.006,0.415,,0.000983607
31.113,0.012,0.409,,0.001967213
31.138,0.006,0.422,,0.000983607
31.161,0.006,0.409,,0.000983607
31.186,0.012,0.422,,0.001967213
31.209,-0.012,0.409,,-0.001967213
31.234,0,0.422,,0
31.258,-0.019,0.415,,-0.003114754
31.282,0,0.409,,0
31.306,0,0.422,,0
31.33,-0.006,0.409,,-0.000983607
31.354,0.006,0.422,,0.000983607
31.378,-0.006,0.409,,-0.000983607
31.402,0.006,0.422,,0.000983607
31.427,0,0.409,,0
31.45,0.019,0.422,,0.003114754
31.475,0.012,0.415,,0.001967213
31.51,0.012,0.409,,0.001967213
31.533,0.031,0.422,,0.005081967
31.558,0.019,0.415,,0.003114754
31.581,0.012,0.415,,0.001967213
31.606,0.025,0.422,,0.004098361
31.629,0.006,0.409,,0.000983607
31.659,0,0.415,,0
31.683,0.019,0.422,,0.003114754
31.707,-0.006,0.422,,-0.000983607
31.731,0.006,0.415,,0.000983607
31.755,-0.006,0.428,,-0.000983607
31.779,0,0.415,,0
31.803,0,0.428,,0
31.838,-0.006,0.428,,-0.000983607
31.862,-0.012,0.415,,-0.001967213
31.886,0.012,0.428,,0.001967213
31.91,-0.006,0.415,,-0.000983607
31.934,0.012,0.428,,0.001967213
31.958,-0.012,0.422,,-0.001967213
31.983,0.019,0.422,,0.003114754
32.006,0.006,0.428,,0.000983607
32.03,0.006,0.415,,0.000983607
32.054,0.019,0.428,,0.003114754
32.078,0.006,0.415,,0.000983607
32.102,0.012,0.428,,0.001967213
32.126,0,0.415,,0
32.151,0.025,0.428,,0.004098361
32.174,0.012,0.422,,0.001967213
32.199,0.025,0.422,,0.004098361
32.222,0.019,0.428,,0.003114754
32.252,0.012,0.428,,0.001967213
32.276,0,0.422,,0
32.3,0.012,0.428,,0.001967213
32.324,0.006,0.428,,0.000983607
32.348,-0.006,0.422,,-0.000983607
32.372,0.006,0.428,,0.000983607
32.396,0,0.422,,0
32.42,0.006,0.434,,0.000983607
32.444,0,0.422,,0
32.479,0,0.422,,0
32.503,0.006,0.434,,0.000983607
32.527,0.012,0.422,,0.001967213
32.551,0.019,0.434,,0.003114754
32.575,0,0.422,,0
32.599,0.025,0.428,,0.004098361
32.624,0.019,0.434,,0.003114754
32.647,0.012,0.422,,0.001967213
32.672,0.012,0.434,,0.001967213
32.695,0.006,0.422,,0.000983607
32.72,0.025,0.434,,0.004098361
32.743,0,0.428,,0
32.767,0.025,0.434,,0.004098361
32.792,0.006,0.428,,0.000983607
32.815,0.019,0.428,,0.003114754
32.845,0.012,0.422,,0.001967213
32.88,0.006,0.428,,0.000983607
32.903,0.006,0.434,,0.000983607
32.928,0,0.422,,0
32.951,0.025,0.434,,0.004098361
32.976,0,0.428,,0
32.999,0.006,0.434,,0.000983607
33.024,-0.006,0.434,,-0.000983607
33.048,-0.012,0.428,,-0.001967213
33.896,0.012,0.428,,0.001967213
