0,0.83,-3.06305,0
0.00125,0.83,-3.06305,0
0.0025,0.91,-3.06305,-0.0363263
0.00375,0.91,-3.06305,-0.0363263
0.005,1.08,-3.06305,-0.0662227
0.00625,1.08,-3.06305,-0.0662227
0.0075,0.99,-3.06305,-0.0824553
0.00875,0.99,-3.06305,-0.0824553
0.01,0.99,-3.06305,-0.105922
0.01125,0.99,-3.06305,-0.105922
0.0125,1.08,-3.06305,-0.129388
0.01375,1.08,-3.06305,-0.129388
0.015,0.91,-3.06305,-0.145621
0.01625,0.91,-3.06305,-0.145621
0.0175,0.99,-3.06305,-0.175517
0.01875,0.99,-3.06305,-0.175517
0.02,0.83,-3.06305,-0.198983
0.02125,0.83,-3.06305,-0.198983
0.0225,0.91,-3.06305,-0.23531
0.02375,0.91,-3.06305,-0.23531
0.025,1.08,-3.06305,-0.265206
0.02625,1.08,-3.06305,-0.265206
0.0275,0.91,-3.06305,-0.281439
0.02875,0.91,-3.06305,-0.281439
0.03,1.08,-3.06305,-0.311335
0.03125,1.08,-3.06305,-0.311335
0.0325,0.99,-3.06305,-0.327568
0.03375,0.99,-3.06305,-0.327568
0.035,0.99,-3.06305,-0.351034
0.03625,0.99,-3.06305,-0.351034
0.0375,0.91,-3.06305,-0.3745
0.03875,0.91,-3.06305,-0.3745
0.04,0.99,-3.06305,-0.404397
0.04125,0.99,-3.06305,-0.404397
0.0425,0.99,-3.06305,-0.427863
0.04375,0.99,-3.06305,-0.427863
0.045,0.91,-3.06305,-0.451329
0.04625,0.91,-3.06305,-0.451329
0.0475,1.08,-3.06305,-0.481226
0.04875,1.08,-3.06305,-0.481226
0.05,0.99,-3.06305,-0.497458
0.05,0.99,-3.06305,-0.497458
0.05,0.99,-3.06305,-0.497458
0.05125,0.99,-3.06305,-0.497458
0.0525,0.91,-3.06305,-0.520925
0.05375,0.91,-3.06305,-0.520925
0.055,0.91,-3.06305,-0.550821
0.05625,0.91,-3.06305,-0.550821
0.0575,0.91,-3.06305,-0.580717
0.05875,0.91,-3.06305,-0.580717
0.06,1.08,-3.06305,-0.610614
0.06125,1.08,-3.06305,-0.610614
0.0625,0.99,-3.06305,-0.626846
0.06375,0.99,-3.06305,-0.626846
0.065,1.08,-3.06305,-0.650313
0.06625,1.08,-3.06305,-0.650313
0.0675,0.99,-3.06305,-0.666545
0.06875,0.99,-3.06305,-0.666545
0.07,1.08,-3.06305,-0.690012
0.07125,1.08,-3.06305,-0.690012
0.0725,0.91,-3.06305,-0.706244
0.07375,0.91,-3.06305,-0.706244
0.075,0.99,-3.06305,-0.736141
0.07625,0.99,-3.06305,-0.736141
0.0775,0.83,-3.06305,-0.759607
0.07875,0.83,-3.06305,-0.759607
0.08,0.99,-3.06305,-0.795933
0.08125,0.99,-3.06305,-0.795933
0.0825,1.08,-3.06305,-0.8194
0.08375,1.08,-3.06305,-0.8194
0.085,1.08,-3.06305,-0.835632
0.08625,1.08,-3.06305,-0.835632
0.0875,1.08,-3.06305,-0.851865
0.08875,1.08,-3.06305,-0.851865
0.09,1.16,-3.06305,-0.868097
0.09125,1.16,-3.06305,-0.868097
0.0925,1.25,-3.06305,-0.8779
0.09375,1.25,-4.19873,-0.8779
0.095,1.16,-4.19873,-0.880469
0.09625,1.16,-4.19873,-0.880469
0.0975,1.5,-4.19873,-0.890271
0.09875,1.5,-4.19873,-0.890271
0.1,1.5,-4.19873,-0.872746
0.1,1.5,-4.19873,-0.872746
0.1,1.5,-4.19873,-0.872746
0.10125,1.5,-4.19873,-0.872746
0.1025,1.76,-4.19873,-0.855222
0.10375,1.76,-4.19873,-0.855222
0.105,1.84,-4.19873,-0.816799
0.10625,1.84,-4.19873,-0.816799
0.1075,2.01,-4.19873,-0.771947
0.10875,2.01,-4.19873,-0.771947
0.11,2.18,-4.19873,-0.713431
0.11125,2.18,-4.19873,-0.713431
0.1125,2.35,-4.19873,-0.641251
0.11375,2.35,-4.19873,-0.641251
0.115,2.44,-4.19873,-0.555407
0.11625,2.44,-4.19873,-0.555407
0.1175,2.53,-4.19873,-0.46233
0.11875,2.53,-4.19873,-0.46233
0.12,2.7,-4.19873,-0.362019
0.12125,2.7,-4.19873,-0.362019
0.1225,2.61,-4.19873,-0.248043
0.12375,2.61,-4.19873,-0.248043
0.125,3.04,-4.19873,-0.141302
0.12625,3.04,-4.19873,-0.141302
0.1275,3.21,-4.19873,-6.25E-08
0.12875,3.21,-4.19873,-6.25E-08
0.13,3.21,-4.19873,0.154966
0.13125,3.21,-4.19873,0.154966
0.1325,3.12,-4.19873,0.309932
0.13375,3.12,-4.19873,0.309932
0.135,3.8,-4.19873,0.457665
0.13625,3.8,-4.19873,0.457665
0.1375,3.89,-4.19873,0.660052
0.13875,3.89,-4.19873,0.660052
0.14,3.89,-4.19873,0.869673
0.14125,3.89,-4.19873,0.869673
0.1425,4.15,-4.19873,1.07929
0.14375,4.15,-6.46997,1.07929
0.145,4.49,-6.46997,1.30981
0.14625,4.49,-6.46997,1.30981
0.1475,4.57,-6.46997,1.56766
0.14875,4.57,-6.46997,1.56766
0.15,4.91,-6.46997,1.83194
0.15,4.91,-6.46997,1.83194
0.15,4.91,-6.46997,1.83194
0.15125,4.91,-6.46997,1.83194
0.1525,4.91,-6.46997,2.12354
0.15375,4.91,-6.46997,2.12354
0.155,5.17,-6.46997,2.41514
0.15625,5.17,-6.46997,2.41514
0.1575,5.6,-6.46997,2.72764
0.15875,5.6,-6.46997,2.72764
0.16,5.51,-6.46997,3.07471
0.16125,5.51,-6.46997,3.07471
0.1625,5.94,-6.46997,3.41453
0.16375,5.94,-6.46997,3.41453
0.165,6.19,-6.46997,3.78893
0.16625,6.19,-6.46997,3.78893
0.1675,6.45,-6.46997,4.18341
0.16875,6.45,-6.46997,4.18341
0.17,6.7,-6.46997,4.59879
0.17125,6.7,-6.46997,4.59879
0.1725,7.05,-6.46997,5.03426
0.17375,7.05,-6.46997,5.03426
0.175,7.39,-6.46997,5.49787
0.17625,7.39,-6.46997,5.49787
0.1775,7.64,-6.46997,5.9888
0.17875,7.64,-6.46997,5.9888
0.18,7.05,-6.46997,6.49983
0.18125,7.05,-6.46997,6.49983
0.1825,8.33,-6.46997,6.96344
0.18375,8.33,-6.46997,6.96344
0.185,8.41,-6.46997,7.52992
0.18625,8.41,-6.46997,7.52992
0.1875,8.41,-6.46997,8.10284
0.18875,8.41,-6.46997,8.10284
0.19,8.67,-6.46997,8.67576
0.19125,8.67,-6.46997,8.67576
0.1925,9.09,-6.46997,9.26957
0.19375,9.09,-7.60559,9.26957
0.195,8.58,-7.60559,9.89714
0.19625,8.58,-7.60559,9.89714
0.1975,10.71,-7.60559,10.4837
0.19875,10.71,-7.60559,10.4837
0.2,10.29,-7.60559,11.2415
0.2,10.29,-7.60559,11.2415
0.2,10.29,-7.60559,11.2415
0.20125,10.29,-7.60559,11.2415
0.2025,10.54,-7.60559,11.9655
0.20375,10.54,-7.60559,11.9655
0.205,10.97,-7.60559,12.7096
0.20625,10.97,-7.60559,12.7096
0.2075,11.31,-7.60559,13.4883
0.20875,11.31,-7.60559,13.4883
0.21,11.05,-7.60559,14.2943
0.21125,11.05,-7.60559,14.2943
0.2125,11.82,-7.60559,15.0794
0.21375,11.82,-7.60559,15.0794
0.215,11.74,-7.60559,15.9264
0.21625,11.74,-7.60559,15.9264
0.2175,10.97,-7.60559,16.767
0.21875,10.97,-7.60559,16.767
0.22,9.01,-7.60559,17.5457
0.22125,9.01,-7.60559,17.5457
0.2225,7.05,-7.60559,18.1668
0.22375,7.05,-7.60559,18.1668
0.225,7.05,-7.60559,18.6304
0.22625,7.05,-7.60559,18.6304
0.2275,7.3,-7.60559,19.094
0.22875,7.3,-7.60559,19.094
0.23,7.64,-7.60559,19.5777
0.23125,7.64,-7.60559,19.5777
0.2325,5.68,-7.60559,20.0887
0.23375,5.68,-7.60559,20.0887
0.235,3.89,-7.60559,20.4422
0.23625,3.89,-7.60559,20.4422
0.2375,4.49,-7.60559,20.6519
0.23875,4.49,-7.60559,20.6519
0.24,5.51,-7.60559,20.9097
0.24125,5.51,-7.60559,20.9097
0.2425,6.19,-7.60559,21.2495
0.24375,6.19,-4.19873,21.2495
0.245,9.01,-4.19873,21.644
0.24625,9.01,-4.19873,21.644
0.2475,10.29,-4.19873,22.2652
0.24875,10.29,-4.19873,22.2652
0.25,10.29,-4.19873,22.2652
0.25,10.29,-4.19873,22.2652
0.25,10.29,-4.19873,22.2652
0.25125,10.63,-4.19873,23.3512
0.2525,10.63,-4.19873,23.3512
0.25375,11.48,-4.19873,24.1025
0.255,11.48,-4.19873,24.1025
0.25625,12.08,-4.19873,24.9222
0.2575,12.08,-4.19873,24.9222
0.25875,12.16,-4.19873,25.7901
0.26,12.16,-4.19873,25.7901
0.26125,11.48,-4.19873,26.6644
0.2625,11.48,-4.19873,26.6644
0.26375,11.74,-4.19873,27.4841
0.265,11.74,-4.19873,27.4841
0.26625,11.91,-4.19873,28.3247
0.2675,11.91,-4.19873,28.3247
0.26875,11.82,-4.19873,29.1789
0.27,11.82,-4.19873,29.1789
0.27125,12.08,-4.19873,30.0259
0.2725,12.08,-4.19873,30.0259
0.27375,12.33,-4.19873,30.8938
0.275,12.33,-4.19873,30.8938
0.27625,12.25,-4.19873,31.7817
0.2775,12.25,-4.19873,31.7817
0.27875,11.99,-4.19873,32.6633
0.28,11.99,-4.19873,32.6633
0.28125,11.91,-4.19873,33.524
0.2825,11.91,-4.19873,33.524
0.28375,12.16,-4.19873,34.3782
0.285,12.16,-4.19873,34.3782
0.28625,11.65,-4.19873,35.2525
0.2875,11.65,-4.19873,35.2525
0.28875,11.31,-4.19873,36.0858
0.29,11.31,-4.19873,36.0858
0.29125,11.05,-4.19873,36.8918
0.2925,11.05,-4.19873,36.8918
0.29375,10.71,-4.19873,37.677
0.295,10.71,7.15759,37.677
0.29625,10.46,7.15759,38.4347
0.2975,10.46,7.15759,38.4347
0.29875,10.03,7.15759,39.1724
0.3,10.03,7.15759,39.1724
0.30125,10.03,7.15759,39.8755
0.30125,10.03,7.15759,39.8755
0.30125,10.03,7.15759,39.8755
0.3025,10.03,7.15759,39.8755
0.30375,9.52,7.15759,40.5787
0.305,9.52,7.15759,40.5787
0.30625,9.35,7.15759,41.2408
0.3075,9.35,7.15759,41.2408
0.30875,8.67,7.15759,41.8893
0.31,8.67,7.15759,41.8893
0.31125,8.67,7.15759,42.4831
0.3125,8.67,7.15759,42.4831
0.31375,8.5,7.15759,43.0769
0.315,8.5,7.15759,43.0769
0.31625,8.41,7.15759,43.657
0.3175,8.41,7.15759,43.657
0.31875,8.24,7.15759,44.23
0.32,8.24,7.15759,44.23
0.32125,8.07,7.15759,44.7892
0.3225,8.07,7.15759,44.7892
0.32375,7.9,7.15759,45.3348
0.325,7.9,7.15759,45.3348
0.32625,7.73,7.15759,45.8667
0.3275,7.73,7.15759,45.8667
0.32875,7.39,7.15759,46.385
0.33,7.39,7.15759,46.385
0.33125,7.39,7.15759,46.8759
0.3325,7.39,7.15759,46.8759
0.33375,7.3,7.15759,47.3669
0.335,7.3,7.15759,47.3669
0.33625,7.13,7.15759,47.8506
0.3375,7.13,7.15759,47.8506
0.33875,7.05,7.15759,48.3206
0.34,7.05,7.15759,48.3206
0.34125,6.79,7.15759,48.7842
0.3425,6.79,7.15759,48.7842
0.34375,6.79,7.15759,49.2269
0.345,6.79,10.5645,49.2269
0.34625,6.62,10.5645,49.6696
0.3475,6.62,10.5645,49.6696
0.34875,6.62,10.5645,50.0987
0.35,6.62,10.5645,50.0987
0.35125,6.62,10.5645,50.5277
0.35125,6.62,10.5645,50.5277
0.35125,6.62,10.5645,50.5277
0.3525,6.62,10.5645,50.5277
0.35375,6.28,10.5645,50.9567
0.355,6.28,10.5645,50.9567
0.35625,6.36,10.5645,51.3585
0.3575,6.36,10.5645,51.3585
0.35875,6.28,10.5645,51.7666
0.36,6.28,10.5645,51.7666
0.36125,6.28,10.5645,52.1683
0.3625,6.28,10.5645,52.1683
0.36375,6.19,10.5645,52.57
0.365,6.19,10.5645,52.57
0.36625,6.28,10.5645,52.9645
0.3675,6.28,10.5645,52.9645
0.36875,6.19,10.5645,53.3662
0.37,6.19,10.5645,53.3662
0.37125,5.94,10.5645,53.7607
0.3725,5.94,10.5645,53.7607
0.37375,6.11,10.5645,54.1351
0.375,6.11,10.5645,54.1351
0.37625,5.94,10.5645,54.5232
0.3775,5.94,10.5645,54.5232
0.37875,5.94,10.5645,54.8976
0.38,5.94,10.5645,54.8976
0.38125,6.11,10.5645,55.272
0.3825,6.11,10.5645,55.272
0.38375,5.94,10.5645,55.66
0.385,5.94,10.5645,55.66
0.38625,5.68,10.5645,56.0344
0.3875,5.68,10.5645,56.0344
0.38875,5.6,10.5645,56.3879
0.39,5.6,10.5645,56.3879
0.39125,5.68,10.5645,56.735
0.3925,5.68,10.5645,56.735
0.39375,5.6,10.5645,57.0884
0.395,5.6,9.42889,57.0884
0.39625,5.43,9.42889,57.4355
0.3975,5.43,9.42889,57.4355
0.39875,5.51,9.42889,57.7689
0.4,5.51,9.42889,57.7689
0.40125,5.6,9.42889,58.1087
0.40125,5.6,9.42889,58.1087
0.40125,5.6,9.42889,58.1087
0.4025,5.6,9.42889,58.1087
0.40375,5.43,9.42889,58.4558
0.405,5.43,9.42889,58.4558
0.40625,5.34,9.42889,58.7892
0.4075,5.34,9.42889,58.7892
0.40875,5.34,9.42889,59.1154
0.41,5.34,9.42889,59.1154
0.41125,5.34,9.42889,59.4415
0.4125,5.34,9.42889,59.4415
0.41375,5.34,9.42889,59.7677
0.415,5.34,9.42889,59.7677
0.41625,5.34,9.42889,60.0939
0.4175,5.34,9.42889,60.0939
0.41875,5.43,9.42889,60.42
0.42,5.43,9.42889,60.42
0.42125,5.25,9.42889,60.7534
0.4225,5.25,9.42889,60.7534
0.42375,5.08,9.42889,61.0724
0.425,5.08,9.42889,61.0724
0.42625,5,9.42889,61.3776
0.4275,5,9.42889,61.3776
0.42875,4.91,9.42889,61.6765
0.43,4.91,9.42889,61.6765
0.43125,4.66,9.42889,61.9681
0.4325,4.66,9.42889,61.9681
0.43375,4.66,9.42889,62.2396
0.435,4.66,9.42889,62.2396
0.43625,4.57,9.42889,62.5111
0.4375,4.57,9.42889,62.5111
0.43875,4.49,9.42889,62.7754
0.44,4.49,9.42889,62.7754
0.44125,4.32,9.42889,63.0332
0.4425,4.32,9.42889,63.0332
0.44375,4.15,9.42889,63.2774
0.445,4.15,9.42889,63.2774
0.44625,4.15,9.42889,63.5079
0.4475,4.15,9.42889,63.5079
0.44875,4.06,9.42889,63.7384
0.45,4.06,9.42889,63.7384
0.45125,3.8,9.42889,63.9617
0.45125,3.8,9.42889,63.9617
0.45125,3.8,9.42889,63.9617
0.4525,3.8,9.42889,63.9617
0.45375,3.72,9.42889,64.1641
0.455,3.72,9.42889,64.1641
0.45625,3.46,9.42889,64.3601
0.4575,3.46,9.42889,64.3601
0.45875,3.29,9.42889,64.5351
0.46,3.29,9.42889,64.5351
0.46125,3.29,9.42889,64.6965
0.4625,3.29,9.42889,64.6965
0.46375,3.21,9.42889,64.8579
0.465,3.21,9.42889,64.8579
0.46625,3.21,9.42889,65.0129
0.4675,3.21,9.42889,65.0129
0.46875,3.04,9.42889,65.1678
0.47,3.04,9.42889,65.1678
0.47125,2.95,9.42889,65.3091
0.4725,2.95,9.42889,65.3091
0.47375,2.87,9.42889,65.4432
0.475,2.87,9.42889,65.4432
0.47625,2.78,9.42889,65.5708
0.4775,2.78,9.42889,65.5708
0.47875,2.7,9.42889,65.6913
0.48,2.7,9.42889,65.6913
0.48125,2.53,9.42889,65.8052
0.4825,2.53,9.42889,65.8052
0.48375,2.35,9.42889,65.9055
0.485,2.35,9.42889,65.9055
0.48625,2.27,9.42889,65.9914
0.4875,2.27,9.42889,65.9914
0.48875,2.18,9.42889,66.0708
0.49,2.18,9.42889,66.0708
0.49125,1.93,9.42889,66.143
0.4925,1.93,9.42889,66.143
0.49375,1.84,9.42889,66.1951
0.495,1.84,17.387,66.1951
0.49625,1.84,17.387,66.2399
0.4975,1.84,17.387,66.2399
0.49875,1.67,17.387,66.2848
0.5,1.67,17.387,66.2848
0.50125,1.5,17.387,66.316
0.50125,1.5,17.387,66.316
0.50125,1.5,17.387,66.316
0.5025,1.5,17.387,66.316
0.50375,1.5,17.387,66.3335
0.505,1.5,17.387,66.3335
0.50625,1.33,17.387,66.351
0.5075,1.33,17.387,66.351
0.50875,1.25,17.387,66.3549
0.51,1.25,17.387,66.3549
0.51125,1.16,17.387,66.3523
0.5125,1.16,17.387,66.3523
0.51375,1.16,17.387,66.3425
0.515,1.16,17.387,66.3425
0.51625,0.99,17.387,66.3327
0.5175,0.99,17.387,66.3327
0.51875,1.08,17.387,66.3092
0.52,1.08,17.387,66.3092
0.52125,0.83,17.387,66.293
0.5225,0.83,17.387,66.293
0.52375,0.74,17.387,66.2567
0.525,0.74,17.387,66.2567
0.52625,0.74,17.387,66.2131
0.5275,0.74,17.387,66.2131
0.52875,0.49,17.387,66.1695
0.53,0.49,17.387,66.1695
0.53125,0.49,17.387,66.1059
0.5325,0.49,17.387,66.1059
0.53375,0.49,17.387,66.0422
0.535,0.49,17.387,66.0422
0.53625,0.49,17.387,65.9786
0.5375,0.49,17.387,65.9786
0.53875,0.4,17.387,65.9149
0.54,0.4,17.387,65.9149
0.54125,0.23,17.387,65.844
0.5425,0.23,17.387,65.844
0.54375,0.49,17.387,65.7595
0.545,0.49,56.0331,65.7595
0.54625,0.23,56.0331,65.6958
0.5475,0.23,56.0331,65.6958
0.54875,0.15,56.0331,65.6113
0.55,0.15,56.0331,65.6113
0.55125,0.15,56.0331,65.5203
0.55125,0.15,56.0331,65.5203
0.55125,0.15,56.0331,65.5203
0.5525,0.15,56.0331,65.5203
0.55375,0.15,56.0331,65.4293
0.555,0.15,56.0331,65.4293
0.55625,0.23,56.0331,65.3383
0.5575,0.23,56.0331,65.3383
0.55875,0.15,56.0331,65.2538
0.56,0.15,56.0331,65.2538
0.56125,0.23,56.0331,65.1628
0.5625,0.23,56.0331,65.1628
0.56375,0.15,56.0331,65.0783
0.565,0.15,56.0331,65.0783
0.56625,0.23,56.0331,64.9873
0.5675,0.23,56.0331,64.9873
0.56875,0.15,56.0331,64.9027
0.57,0.15,56.0331,64.9027
0.57125,0.15,56.0331,64.8117
0.5725,0.15,56.0331,64.8117
0.57375,0.15,56.0331,64.7208
0.575,0.15,56.0331,64.7208
0.57625,0.15,56.0331,64.6298
0.5775,0.15,56.0331,64.6298
0.57875,-0.02,56.0331,64.5388
0.58,-0.02,56.0331,64.5388
0.58125,0.06,56.0331,64.4342
0.5825,0.06,56.0331,64.4342
0.58375,-0.02,56.0331,64.3359
0.585,-0.02,56.0331,64.3359
0.58625,-0.02,56.0331,64.2313
0.5875,-0.02,56.0331,64.2313
0.58875,-0.02,56.0331,64.1266
0.59,-0.02,56.0331,64.1266
0.59125,-0.02,56.0331,64.022
0.5925,-0.02,56.0331,64.022
0.59375,-0.02,56.0331,63.9174
0.595,-0.02,160.849,63.9174
0.59625,0.06,160.849,63.8127
0.5975,0.06,160.849,63.8127
0.59875,-0.02,160.849,63.7145
0.6,-0.02,160.849,63.7145
0.60125,-0.11,160.849,63.6099
0.60125,-0.11,160.849,63.6099
0.60125,-0.11,160.849,63.6099
0.6025,-0.11,160.849,63.6099
0.60375,-0.02,160.849,63.498
0.605,-0.02,160.849,63.498
0.60625,-0.02,160.849,63.3933
0.6075,-0.02,160.849,63.3933
0.60875,-0.02,160.849,63.2887
0.61,-0.02,160.849,63.2887
0.61125,-0.19,160.849,63.184
0.6125,-0.19,160.849,63.184
0.61375,-0.11,160.849,63.0657
0.615,-0.11,160.849,63.0657
0.61625,-0.02,160.849,62.9539
0.6175,-0.02,160.849,62.9539
0.61875,-0.11,160.849,62.8492
0.62,-0.11,160.849,62.8492
0.62125,-0.02,160.849,62.7373
0.6225,-0.02,160.849,62.7373
0.62375,-0.19,160.849,62.6327
0.625,-0.19,160.849,62.6327
0.62625,-0.19,160.849,62.5144
0.6275,-0.19,160.849,62.5144
0.62875,-0.11,160.849,62.3961
0.63,-0.11,160.849,62.3961
0.63125,-0.11,160.849,62.2842
0.6325,-0.11,160.849,62.2842
0.63375,-0.02,160.849,62.1723
0.635,-0.02,160.849,62.1723
0.63625,-0.11,160.849,62.0677
0.6375,-0.11,160.849,62.0677
0.63875,-0.11,160.849,61.9558
0.64,-0.11,160.849,61.9558
0.64125,-0.02,160.849,61.8439
0.6425,-0.02,160.849,61.8439
0.64375,-0.02,160.849,61.7393
0.645,-0.02,148.297,61.7393
0.64625,-0.02,148.297,61.6346
0.6475,-0.02,148.297,61.6346
0.64875,-0.11,148.297,61.53
0.65,-0.11,148.297,61.53
0.65125,-0.19,148.297,61.4181
0.65125,-0.19,148.297,61.4181
0.65125,-0.19,148.297,61.4181
0.6525,-0.19,148.297,61.4181
0.65375,-0.19,148.297,61.2998
0.655,-0.19,148.297,61.2998
0.65625,-0.02,148.297,61.1815
0.6575,-0.02,148.297,61.1815
0.65875,-0.19,148.297,61.0768
0.66,-0.19,148.297,61.0768
0.66125,-0.19,148.297,60.9585
0.6625,-0.19,148.297,60.9585
0.66375,-0.19,148.297,60.8402
0.665,-0.19,148.297,60.8402
0.66625,-0.02,148.297,60.7219
0.6675,-0.02,148.297,60.7219
0.66875,-0.19,148.297,60.6173
0.67,-0.19,148.297,60.6173
0.67125,-0.19,148.297,60.4989
0.6725,-0.19,148.297,60.4989
0.67375,-0.11,148.297,60.3806
0.675,-0.11,148.297,60.3806
0.67625,-0.11,148.297,60.2688
0.6775,-0.11,148.297,60.2688
0.67875,-0.19,148.297,60.1569
0.68,-0.19,148.297,60.1569
0.68125,-0.19,148.297,60.0386
0.6825,-0.19,148.297,60.0386
0.68375,-0.19,148.297,59.9203
0.685,-0.19,148.297,59.9203
0.68625,-0.19,148.297,59.802
0.6875,-0.19,148.297,59.802
0.68875,-0.19,148.297,59.6836
0.69,-0.19,148.297,59.6836
0.69125,-0.11,148.297,59.5653
0.6925,-0.11,148.297,59.5653
0.69375,-0.02,148.297,59.4535
0.695,-0.02,110.682,59.4535
0.69625,-0.19,110.682,59.3488
0.6975,-0.19,110.682,59.3488
0.69875,-0.19,110.682,59.2305
0.7,-0.19,110.682,59.2305
0.70125,-0.19,110.682,59.1122
0.70125,-0.19,110.682,59.1122
0.70125,-0.19,110.682,59.1122
0.7025,-0.19,110.682,59.1122
0.70375,-0.11,110.682,58.9939
0.705,-0.11,110.682,58.9939
0.70625,-0.19,110.682,58.882
0.7075,-0.19,110.682,58.882
0.70875,-0.02,110.682,58.7637
0.71,-0.02,110.682,58.7637
0.71125,-0.11,110.682,58.6591
0.7125,-0.11,110.682,58.6591
0.71375,-0.19,110.682,58.5472
0.715,-0.19,110.682,58.5472
0.71625,-0.19,110.682,58.4289
0.7175,-0.19,110.682,58.4289
0.71875,-0.19,110.682,58.3106
0.72,-0.19,110.682,58.3106
0.72125,-0.19,110.682,58.1922
0.7225,-0.19,110.682,58.1922
0.72375,-0.19,110.682,58.0739
0.725,-0.19,110.682,58.0739
0.72625,-0.19,110.682,57.9556
0.7275,-0.19,110.682,57.9556
0.72875,-0.11,110.682,57.8373
0.73,-0.11,110.682,57.8373
0.73125,-0.11,110.682,57.7254
0.7325,-0.11,110.682,57.7254
0.73375,-0.28,110.682,57.6136
0.735,-0.28,110.682,57.6136
0.73625,-0.19,110.682,57.488
0.7375,-0.19,110.682,57.488
0.73875,-0.19,110.682,57.3697
0.74,-0.19,110.682,57.3697
0.74125,-0.19,110.682,57.2514
0.7425,-0.19,110.682,57.2514
0.74375,-0.19,110.682,57.1331
0.745,-0.19,81.069,57.1331
0.74625,-0.19,81.069,57.0148
0.7475,-0.19,81.069,57.0148
0.74875,-0.19,81.069,56.8965
0.75,-0.19,81.069,56.8965
0.75125,-0.19,81.069,56.7782
0.75125,-0.19,81.069,56.7782
0.75125,-0.19,81.069,56.7782
0.7525,-0.19,81.069,56.7782
0.75375,-0.19,81.069,56.6599
0.755,-0.19,81.069,56.6599
0.75625,-0.19,81.069,56.5415
0.7575,-0.19,81.069,56.5415
0.75875,-0.11,81.069,56.4232
0.76,-0.11,81.069,56.4232
0.76125,-0.19,81.069,56.3114
0.7625,-0.19,81.069,56.3114
0.76375,-0.19,81.069,56.1931
0.765,-0.19,81.069,56.1931
0.76625,-0.19,81.069,56.0747
0.7675,-0.19,81.069,56.0747
0.76875,-0.19,81.069,55.9564
0.77,-0.19,81.069,55.9564
0.77125,-0.19,81.069,55.8381
0.7725,-0.19,81.069,55.8381
0.77375,-0.11,81.069,55.7198
0.775,-0.11,81.069,55.7198
0.77625,-0.19,81.069,55.6079
0.7775,-0.19,81.069,55.6079
0.77875,-0.02,81.069,55.4896
0.78,-0.02,81.069,55.4896
0.78125,-0.11,81.069,55.385
0.7825,-0.11,81.069,55.385
0.78375,-0.19,81.069,55.2731
0.785,-0.19,81.069,55.2731
0.78625,-0.19,81.069,55.1548
0.7875,-0.19,81.069,55.1548
0.78875,-0.11,81.069,55.0365
0.79,-0.11,81.069,55.0365
0.79125,-0.19,81.069,54.9246
0.7925,-0.19,81.069,54.9246
0.79375,-0.19,81.069,54.8063
0.795,-0.19,59.4487,54.8063
0.79625,-0.11,59.4487,54.688
0.7975,-0.11,59.4487,54.688
0.79875,-0.19,59.4487,54.5761
0.8,-0.19,59.4487,54.5761
0.80125,-0.11,59.4487,54.4578
0.80125,-0.11,59.4487,54.4578
0.80125,-0.11,59.4487,54.4578
0.8025,-0.11,59.4487,54.4578
0.80375,-0.19,59.4487,54.3459
0.805,-0.19,59.4487,54.3459
0.80625,-0.19,59.4487,54.2276
0.8075,-0.19,59.4487,54.2276
0.80875,-0.19,59.4487,54.1093
0.81,-0.19,59.4487,54.1093
0.81125,-0.19,59.4487,53.991
0.8125,-0.19,59.4487,53.991
0.81375,-0.11,59.4487,53.8727
0.815,-0.11,59.4487,53.8727
0.81625,-0.19,59.4487,53.7608
0.8175,-0.19,59.4487,53.7608
0.81875,-0.11,59.4487,53.6425
0.82,-0.11,59.4487,53.6425
0.82125,-0.11,59.4487,53.5306
0.8225,-0.11,59.4487,53.5306
0.82375,-0.19,59.4487,53.4187
0.825,-0.19,59.4487,53.4187
0.82625,-0.02,59.4487,53.3004
0.8275,-0.02,59.4487,53.3004
0.82875,-0.19,59.4487,53.1958
0.83,-0.19,59.4487,53.1958
0.83125,-0.19,59.4487,53.0775
0.8325,-0.19,59.4487,53.0775
0.83375,-0.19,59.4487,52.9592
0.835,-0.19,59.4487,52.9592
0.83625,-0.19,59.4487,52.8409
0.8375,-0.19,59.4487,52.8409
0.83875,-0.11,59.4487,52.7226
0.84,-0.11,59.4487,52.7226
0.84125,-0.19,59.4487,52.6107
0.8425,-0.19,59.4487,52.6107
0.84375,-0.19,59.4487,52.4924
0.845,-0.19,43.5238,52.4924
0.84625,-0.02,43.5238,52.3741
0.8475,-0.02,43.5238,52.3741
0.84875,-0.19,43.5238,52.2694
0.85,-0.19,43.5238,52.2694
0.85125,-0.19,43.5238,52.1511
0.85125,-0.19,43.5238,52.1511
0.85125,-0.19,43.5238,52.1511
0.8525,-0.19,43.5238,52.1511
0.85375,-0.19,43.5238,52.0328
0.855,-0.19,43.5238,52.0328
0.85625,-0.11,43.5238,51.9145
0.8575,-0.11,43.5238,51.9145
0.85875,-0.19,43.5238,51.8026
0.86,-0.19,43.5238,51.8026
0.86125,-0.19,43.5238,51.6843
0.8625,-0.19,43.5238,51.6843
0.86375,-0.19,43.5238,51.566
0.865,-0.19,43.5238,51.566
0.86625,-0.19,43.5238,51.4477
0.8675,-0.19,43.5238,51.4477
0.86875,-0.19,43.5238,51.3294
0.87,-0.19,43.5238,51.3294
0.87125,-0.19,43.5238,51.2111
0.8725,-0.19,43.5238,51.2111
0.87375,-0.11,43.5238,51.0928
0.875,-0.11,43.5238,51.0928
0.87625,-0.19,43.5238,50.9809
0.8775,-0.19,43.5238,50.9809
0.87875,-0.19,43.5238,50.8626
0.88,-0.19,43.5238,50.8626
0.88125,-0.19,43.5238,50.7443
0.8825,-0.19,43.5238,50.7443
0.88375,-0.19,43.5238,50.6259
0.885,-0.19,43.5238,50.6259
0.88625,-0.19,43.5238,50.5076
0.8875,-0.19,43.5238,50.5076
0.88875,-0.19,43.5238,50.3893
0.89,-0.19,43.5238,50.3893
0.89125,-0.19,43.5238,50.271
0.8925,-0.19,43.5238,50.271
0.89375,-0.19,43.5238,50.1527
0.895,-0.19,31.0232,50.1527
0.89625,-0.19,31.0232,50.0344
0.8975,-0.19,31.0232,50.0344
0.89875,-0.19,31.0232,49.9161
0.9,-0.19,31.0232,49.9161
0.90125,-0.19,31.0232,49.7978
0.90125,-0.19,31.0232,49.7978
0.90125,-0.19,31.0232,49.7978
0.9025,-0.19,31.0232,49.7978
0.90375,-0.11,31.0232,49.6795
0.905,-0.11,31.0232,49.6795
0.90625,-0.19,31.0232,49.5676
0.9075,-0.19,31.0232,49.5676
0.90875,-0.02,31.0232,49.4493
0.91,-0.02,31.0232,49.4493
0.91125,-0.02,31.0232,49.3446
0.9125,-0.02,31.0232,49.3446
0.91375,-0.11,31.0232,49.24
0.915,-0.11,31.0232,49.24
0.91625,-0.19,31.0232,49.1281
0.9175,-0.19,31.0232,49.1281
0.91875,-0.19,31.0232,49.0098
0.92,-0.19,31.0232,49.0098
0.92125,-0.11,31.0232,48.8915
0.9225,-0.11,31.0232,48.8915
0.92375,-0.28,31.0232,48.7796
0.925,-0.28,31.0232,48.7796
0.92625,-0.11,31.0232,48.6541
0.9275,-0.11,31.0232,48.6541
0.92875,-0.19,31.0232,48.5422
0.93,-0.19,31.0232,48.5422
0.93125,-0.11,31.0232,48.4239
0.9325,-0.11,31.0232,48.4239
0.93375,-0.11,31.0232,48.312
0.935,-0.11,31.0232,48.312
0.93625,-0.11,31.0232,48.2001
0.9375,-0.11,31.0232,48.2001
0.93875,-0.19,31.0232,48.0883
0.94,-0.19,31.0232,48.0883
0.94125,-0.19,31.0232,47.9699
0.9425,-0.19,31.0232,47.9699
0.94375,-0.11,31.0232,47.8516
0.945,-0.11,21.9295,47.8516
0.94625,-0.19,21.9295,47.7398
0.9475,-0.19,21.9295,47.7398
0.94875,-0.02,21.9295,47.6215
0.95,-0.02,21.9295,47.6215
0.95125,-0.19,21.9295,47.5168
0.95125,-0.19,21.9295,47.5168
0.95125,-0.19,21.9295,47.5168
0.9525,-0.19,21.9295,47.5168
0.95375,-0.11,21.9295,47.3985
0.955,-0.11,21.9295,47.3985
0.95625,-0.19,21.9295,47.2866
0.9575,-0.19,21.9295,47.2866
0.95875,-0.11,21.9295,47.1683
0.96,-0.11,21.9295,47.1683
0.96125,-0.19,21.9295,47.0564
0.9625,-0.19,21.9295,47.0564
0.96375,-0.11,21.9295,46.9381
0.965,-0.11,21.9295,46.9381
0.96625,-0.11,21.9295,46.8262
0.9675,-0.11,21.9295,46.8262
0.96875,-0.11,21.9295,46.7144
0.97,-0.11,21.9295,46.7144
0.97125,-0.19,21.9295,46.6025
0.9725,-0.19,21.9295,46.6025
0.97375,-0.19,21.9295,46.4842
0.975,-0.19,21.9295,46.4842
0.97625,-0.19,21.9295,46.3659
0.9775,-0.19,21.9295,46.3659
0.97875,-0.19,21.9295,46.2476
0.98,-0.19,21.9295,46.2476
0.98125,-0.11,21.9295,46.1293
0.9825,-0.11,21.9295,46.1293
0.98375,-0.19,21.9295,46.0174
0.985,-0.19,21.9295,46.0174
0.98625,-0.19,21.9295,45.8991
0.9875,-0.19,21.9295,45.8991
0.98875,-0.19,21.9295,45.7808
0.99,-0.19,21.9295,45.7808
0.99125,-0.11,21.9295,45.6624
0.9925,-0.11,21.9295,45.6624
0.99375,-0.11,21.9295,45.5506
0.995,-0.11,13.98,45.5506
0.99625,-0.19,13.98,45.4387
0.9975,-0.19,13.98,45.4387
0.99875,-0.19,13.98,45.3204
1,-0.19,13.98,45.3204
1.00125,-0.19,13.98,45.2021
1.00125,-0.19,13.98,45.2021
1.00125,-0.19,13.98,45.2021
1.0025,-0.19,13.98,45.2021
1.00375,-0.19,13.98,45.0838
1.005,-0.19,13.98,45.0838
1.00625,-0.19,13.98,44.9655
1.0075,-0.19,13.98,44.9655
1.00875,-0.11,13.98,44.8471
1.01,-0.11,13.98,44.8471
1.01125,-0.19,13.98,44.7353
1.0125,-0.19,13.98,44.7353
1.01375,-0.19,13.98,44.617
1.015,-0.19,13.98,44.617
1.01625,-0.19,13.98,44.4986
1.0175,-0.19,13.98,44.4986
1.01875,-0.19,13.98,44.3803
1.02,-0.19,13.98,44.3803
1.02125,-0.19,13.98,44.262
1.0225,-0.19,13.98,44.262
1.02375,-0.02,13.98,44.1437
1.025,-0.02,13.98,44.1437
1.02625,-0.02,13.98,44.0391
1.0275,-0.02,13.98,44.0391
1.02875,-0.11,13.98,43.9344
1.03,-0.11,13.98,43.9344
1.03125,-0.11,13.98,43.8226
1.0325,-0.11,13.98,43.8226
1.03375,-0.11,13.98,43.7107
1.035,-0.11,13.98,43.7107
1.03625,-0.02,13.98,43.5988
1.0375,-0.02,13.98,43.5988
1.03875,-0.19,13.98,43.4941
1.04,-0.19,13.98,43.4941
1.04125,-0.19,13.98,43.3758
1.0425,-0.19,13.98,43.3758
1.04375,-0.11,13.98,43.2575
1.045,-0.11,10.5645,43.2575
1.04625,-0.19,10.5645,43.1457
1.0475,-0.19,10.5645,43.1457
1.04875,-0.19,10.5645,43.0273
1.05,-0.19,10.5645,43.0273
1.05125,-0.19,10.5645,42.909
1.05125,-0.19,10.5645,42.909
1.05125,-0.19,10.5645,42.909
1.0525,-0.19,10.5645,42.909
1.05375,-0.11,10.5645,42.7907
1.055,-0.11,10.5645,42.7907
1.05625,-0.11,10.5645,42.6788
1.0575,-0.11,10.5645,42.6788
1.05875,-0.11,10.5645,42.567
1.06,-0.11,10.5645,42.567
1.06125,-0.19,10.5645,42.4551
1.0625,-0.19,10.5645,42.4551
1.06375,-0.11,10.5645,42.3368
1.065,-0.11,10.5645,42.3368
1.06625,-0.19,10.5645,42.2249
1.0675,-0.19,10.5645,42.2249
1.06875,-0.11,10.5645,42.1066
1.07,-0.11,10.5645,42.1066
1.07125,-0.19,10.5645,41.9947
1.0725,-0.19,10.5645,41.9947
1.07375,-0.11,10.5645,41.8764
1.075,-0.11,10.5645,41.8764
1.07625,-0.11,10.5645,41.7645
1.0775,-0.11,10.5645,41.7645
1.07875,-0.02,10.5645,41.6526
1.08,-0.02,10.5645,41.6526
1.08125,-0.11,10.5645,41.548
1.0825,-0.11,10.5645,41.548
1.08375,-0.11,10.5645,41.4361
1.085,-0.11,10.5645,41.4361
1.08625,-0.02,10.5645,41.3242
1.0875,-0.02,10.5645,41.3242
1.08875,-0.19,10.5645,41.2196
1.09,-0.19,10.5645,41.2196
1.09125,-0.19,10.5645,41.1013
1.0925,-0.19,10.5645,41.1013
1.09375,-0.11,10.5645,40.983
1.095,-0.11,8.29321,40.983
1.09625,-0.19,8.29321,40.8711
1.0975,-0.19,8.29321,40.8711
1.09875,-0.11,8.29321,40.7528
1.1,-0.11,8.29321,40.7528
1.10125,-0.02,8.29321,40.6409
1.10125,-0.02,8.29321,40.6409
1.10125,-0.02,8.29321,40.6409
1.1025,-0.02,8.29321,40.6409
1.10375,-0.28,8.29321,40.5363
1.105,-0.28,8.29321,40.5363
1.10625,-0.19,8.29321,40.4107
1.1075,-0.19,8.29321,40.4107
1.10875,-0.19,8.29321,40.2924
1.11,-0.19,8.29321,40.2924
1.11125,-0.02,8.29321,40.1741
1.1125,-0.02,8.29321,40.1741
1.11375,-0.02,8.29321,40.0695
1.115,-0.02,8.29321,40.0695
1.11625,-0.19,8.29321,39.9648
1.1175,-0.19,8.29321,39.9648
1.11875,-0.19,8.29321,39.8465
1.12,-0.19,8.29321,39.8465
1.12125,-0.11,8.29321,39.7282
1.1225,-0.11,8.29321,39.7282
1.12375,-0.11,8.29321,39.6163
1.125,-0.11,8.29321,39.6163
1.12625,-0.11,8.29321,39.5044
1.1275,-0.11,8.29321,39.5044
1.12875,-0.19,8.29321,39.3926
1.13,-0.19,8.29321,39.3926
1.13125,-0.19,8.29321,39.2743
1.1325,-0.19,8.29321,39.2743
1.13375,-0.11,8.29321,39.1559
1.135,-0.11,8.29321,39.1559
1.13625,-0.19,8.29321,39.0441
1.1375,-0.19,8.29321,39.0441
1.13875,-0.19,8.29321,38.9258
1.14,-0.19,8.29321,38.9258
1.14125,-0.19,8.29321,38.8075
1.1425,-0.19,8.29321,38.8075
1.14375,-0.19,8.29321,38.6891
1.145,-0.19,8.29321,38.6891
1.14625,-0.19,8.29321,38.5708
1.1475,-0.19,8.29321,38.5708
1.14875,-0.19,8.29321,38.4525
1.15,-0.19,8.29321,38.4525
1.15125,-0.02,8.29321,38.3342
1.15125,-0.02,8.29321,38.3342
1.15125,-0.02,8.29321,38.3342
1.1525,-0.02,8.29321,38.3342
1.15375,-0.19,8.29321,38.2296
1.155,-0.19,8.29321,38.2296
1.15625,-0.19,8.29321,38.1113
1.1575,-0.19,8.29321,38.1113
1.15875,-0.19,8.29321,37.993
1.16,-0.19,8.29321,37.993
1.16125,-0.11,8.29321,37.8746
1.1625,-0.11,8.29321,37.8746
1.16375,-0.11,8.29321,37.7628
1.165,-0.11,8.29321,37.7628
1.16625,-0.19,8.29321,37.6509
1.1675,-0.19,8.29321,37.6509
1.16875,-0.11,8.29321,37.5326
1.17,-0.11,8.29321,37.5326
1.17125,-0.11,8.29321,37.4207
1.1725,-0.11,8.29321,37.4207
1.17375,-0.11,8.29321,37.3088
1.175,-0.11,8.29321,37.3088
1.17625,-0.11,8.29321,37.1969
1.1775,-0.11,8.29321,37.1969
1.17875,-0.11,8.29321,37.0851
1.18,-0.11,8.29321,37.0851
1.18125,-0.19,8.29321,36.9732
1.1825,-0.19,8.29321,36.9732
1.18375,-0.19,8.29321,36.8549
1.185,-0.19,8.29321,36.8549
1.18625,-0.11,8.29321,36.7366
1.1875,-0.11,8.29321,36.7366
1.18875,-0.11,8.29321,36.6247
1.19,-0.11,8.29321,36.6247
1.19125,-0.19,8.29321,36.5128
1.1925,-0.19,8.29321,36.5128
1.19375,-0.19,8.29321,36.3945
1.195,-0.19,9.42889,36.3945
1.19625,-0.11,9.42889,36.2762
1.1975,-0.11,9.42889,36.2762
1.19875,-0.02,9.42889,36.1643
1.2,-0.02,9.42889,36.1643
1.20125,-0.02,9.42889,36.0597
1.20125,-0.02,9.42889,36.0597
1.20125,-0.02,9.42889,36.0597
1.2025,-0.02,9.42889,36.0597
1.20375,-0.19,9.42889,35.955
1.205,-0.19,9.42889,35.955
1.20625,-0.11,9.42889,35.8367
1.2075,-0.11,9.42889,35.8367
1.20875,-0.19,9.42889,35.7248
1.21,-0.19,9.42889,35.7248
1.21125,-0.11,9.42889,35.6065
1.2125,-0.11,9.42889,35.6065
1.21375,-0.11,9.42889,35.4946
1.215,-0.11,9.42889,35.4946
1.21625,-0.11,9.42889,35.3828
1.2175,-0.11,9.42889,35.3828
1.21875,-0.19,9.42889,35.2709
1.22,-0.19,9.42889,35.2709
1.22125,-0.02,9.42889,35.1526
1.2225,-0.02,9.42889,35.1526
1.22375,-0.19,9.42889,35.0479
1.225,-0.19,9.42889,35.0479
1.22625,-0.11,9.42889,34.9296
1.2275,-0.11,9.42889,34.9296
1.22875,-0.11,9.42889,34.8177
1.23,-0.11,9.42889,34.8177
1.23125,-0.19,9.42889,34.7059
1.2325,-0.19,9.42889,34.7059
1.23375,-0.02,9.42889,34.5876
1.235,-0.02,9.42889,34.5876
1.23625,-0.11,9.42889,34.4829
1.2375,-0.11,9.42889,34.4829
1.23875,-0.02,9.42889,34.371
1.24,-0.02,9.42889,34.371
1.24125,-0.02,9.42889,34.2664
1.2425,-0.02,9.42889,34.2664
1.24375,-0.19,9.42889,34.1617
1.245,-0.19,13.98,34.1617
1.24625,-0.02,13.98,34.0434
1.2475,-0.02,13.98,34.0434
1.24875,-0.11,13.98,33.9388
1.25,-0.11,13.98,33.9388
1.25125,-0.11,13.98,33.8269
1.25125,-0.11,13.98,33.8269
1.25125,-0.11,13.98,33.8269
1.2525,-0.11,13.98,33.8269
1.25375,-0.11,13.98,33.715
1.255,-0.11,13.98,33.715
1.25625,-0.02,13.98,33.6032
1.2575,-0.02,13.98,33.6032
1.25875,-0.19,13.98,33.4985
1.26,-0.19,13.98,33.4985
1.26125,-0.19,13.98,33.3802
1.2625,-0.19,13.98,33.3802
1.26375,-0.19,13.98,33.2619
1.265,-0.19,13.98,33.2619
1.26625,-0.11,13.98,33.1436
1.2675,-0.11,13.98,33.1436
1.26875,-0.11,13.98,33.0317
1.27,-0.11,13.98,33.0317
1.27125,-0.11,13.98,32.9198
1.2725,-0.11,13.98,32.9198
1.27375,-0.02,13.98,32.8079
1.275,-0.02,13.98,32.8079
1.27625,-0.19,13.98,32.7033
1.2775,-0.19,13.98,32.7033
1.27875,-0.19,13.98,32.585
1.28,-0.19,13.98,32.585
1.28125,-0.11,13.98,32.4667
1.2825,-0.11,13.98,32.4667
1.28375,-0.11,13.98,32.3548
1.285,-0.11,13.98,32.3548
1.28625,-0.11,13.98,32.2429
1.2875,-0.11,13.98,32.2429
1.28875,-0.19,13.98,32.131
1.29,-0.19,13.98,32.131
1.29125,-0.19,13.98,32.0127
1.2925,-0.19,13.98,32.0127
1.29375,-0.11,13.98,31.8944
1.295,-0.11,21.9295,31.8944
1.29625,-0.19,21.9295,31.7826
1.2975,-0.19,21.9295,31.7826
1.29875,-0.11,21.9295,31.6642
1.3,-0.11,21.9295,31.6642
1.30125,-0.02,21.9295,31.5524
1.30125,-0.02,21.9295,31.5524
1.30125,-0.02,21.9295,31.5524
1.3025,-0.02,21.9295,31.5524
1.30375,-0.02,21.9295,31.4477
1.305,-0.02,21.9295,31.4477
1.30625,-0.02,21.9295,31.3431
1.3075,-0.02,21.9295,31.3431
1.30875,-0.02,21.9295,31.2384
1.31,-0.02,21.9295,31.2384
1.31125,-0.02,21.9295,31.1338
1.3125,-0.02,21.9295,31.1338
1.31375,-0.02,21.9295,31.0291
1.315,-0.02,21.9295,31.0291
1.31625,-0.19,21.9295,30.9245
1.3175,-0.19,21.9295,30.9245
1.31875,-0.19,21.9295,30.8062
1.32,-0.19,21.9295,30.8062
1.32125,-0.02,21.9295,30.6879
1.3225,-0.02,21.9295,30.6879
1.32375,-0.11,21.9295,30.5832
1.325,-0.11,21.9295,30.5832
1.32625,-0.19,21.9295,30.4714
1.3275,-0.19,21.9295,30.4714
1.32875,-0.19,21.9295,30.353
1.33,-0.19,21.9295,30.353
1.33125,-0.19,21.9295,30.2347
1.3325,-0.19,21.9295,30.2347
1.33375,-0.19,21.9295,30.1164
1.335,-0.19,21.9295,30.1164
1.33625,-0.02,21.9295,29.9981
1.3375,-0.02,21.9295,29.9981
1.33875,-0.11,21.9295,29.8935
1.34,-0.11,21.9295,29.8935
1.34125,-0.19,21.9295,29.7816
1.3425,-0.19,21.9295,29.7816
1.34375,-0.02,21.9295,29.6633
1.345,-0.02,34.4301,29.6633
1.34625,-0.19,34.4301,29.5586
1.3475,-0.19,34.4301,29.5586
1.34875,-0.02,34.4301,29.4403
1.35,-0.02,34.4301,29.4403
1.35125,-0.19,34.4301,29.3357
1.35125,-0.19,34.4301,29.3357
1.35125,-0.19,34.4301,29.3357
1.3525,-0.19,34.4301,29.3357
1.35375,-0.19,34.4301,29.2174
1.355,-0.19,34.4301,29.2174
1.35625,0.06,34.4301,29.0991
1.3575,0.06,34.4301,29.0991
1.35875,-0.19,34.4301,29.0009
1.36,-0.19,34.4301,29.0009
1.36125,-0.02,34.4301,28.8825
1.3625,-0.02,34.4301,28.8825
1.36375,-0.19,34.4301,28.7779
1.365,-0.19,34.4301,28.7779
1.36625,-0.02,34.4301,28.6596
1.3675,-0.02,34.4301,28.6596
1.36875,-0.11,34.4301,28.5549
1.37,-0.11,34.4301,28.5549
1.37125,-0.11,34.4301,28.4431
1.3725,-0.11,34.4301,28.4431
1.37375,-0.11,34.4301,28.3312
1.375,-0.11,34.4301,28.3312
1.37625,-0.02,34.4301,28.2193
1.3775,-0.02,34.4301,28.2193
1.37875,-0.11,34.4301,28.1147
1.38,-0.11,34.4301,28.1147
1.38125,-0.19,34.4301,28.0028
1.3825,-0.19,34.4301,28.0028
1.38375,-0.11,34.4301,27.8845
1.385,-0.11,34.4301,27.8845
1.38625,-0.02,34.4301,27.7726
1.3875,-0.02,34.4301,27.7726
1.38875,-0.19,34.4301,27.6679
1.39,-0.19,34.4301,27.6679
1.39125,-0.11,34.4301,27.5496
1.3925,-0.11,34.4301,27.5496
1.39375,-0.11,34.4301,27.4378
1.395,-0.11,62.8642,27.4378
1.39625,-0.11,62.8642,27.3259
1.3975,-0.11,62.8642,27.3259
1.39875,-0.19,62.8642,27.214
1.4,-0.19,62.8642,27.214
1.40125,-0.11,62.8642,27.0957
1.40125,-0.11,62.8642,27.0957
1.40125,-0.11,62.8642,27.0957
1.4025,-0.11,62.8642,27.0957
1.40375,-0.11,62.8642,26.9838
1.405,-0.11,62.8642,26.9838
1.40625,-0.02,62.8642,26.8719
1.4075,-0.02,62.8642,26.8719
1.40875,-0.19,62.8642,26.7673
1.41,-0.19,62.8642,26.7673
1.41125,-0.11,62.8642,26.649
1.4125,-0.11,62.8642,26.649
1.41375,-0.11,62.8642,26.5371
1.415,-0.11,62.8642,26.5371
1.41625,-0.02,62.8642,26.4252
1.4175,-0.02,62.8642,26.4252
1.41875,-0.19,62.8642,26.3206
1.42,-0.19,62.8642,26.3206
1.42125,-0.11,62.8642,26.2023
1.4225,-0.11,62.8642,26.2023
1.42375,-0.02,62.8642,26.0904
1.425,-0.02,62.8642,26.0904
1.42625,-0.11,62.8642,25.9857
1.4275,-0.11,62.8642,25.9857
1.42875,-0.11,62.8642,25.8739
1.43,-0.11,62.8642,25.8739
1.43125,-0.19,62.8642,25.762
1.4325,-0.19,62.8642,25.762
1.43375,-0.19,62.8642,25.6437
1.435,-0.19,62.8642,25.6437
1.43625,-0.02,62.8642,25.5254
1.4375,-0.02,62.8642,25.5254
1.43875,-0.11,62.8642,25.4207
1.44,-0.11,62.8642,25.4207
1.44125,-0.19,62.8642,25.3088
1.4425,-0.19,62.8642,25.3088
1.44375,-0.11,62.8642,25.1905
1.445,-0.11,97.0112,25.1905
1.44625,-0.11,97.0112,25.0787
1.4475,-0.11,97.0112,25.0787
1.44875,-0.19,97.0112,24.9668
1.45,-0.19,97.0112,24.9668
1.45125,-0.02,97.0112,24.8485
1.45125,-0.02,97.0112,24.8485
1.45125,-0.02,97.0112,24.8485
1.4525,-0.02,97.0112,24.8485
1.45375,-0.11,97.0112,24.7438
1.455,-0.11,97.0112,24.7438
1.45625,-0.02,97.0112,24.632
1.4575,-0.02,97.0112,24.632
1.45875,-0.11,97.0112,24.5273
1.46,-0.11,97.0112,24.5273
1.46125,-0.02,97.0112,24.4154
1.4625,-0.02,97.0112,24.4154
1.46375,-0.11,97.0112,24.3108
1.465,-0.11,97.0112,24.3108
1.46625,-0.19,97.0112,24.1989
1.4675,-0.19,97.0112,24.1989
1.46875,-0.02,97.0112,24.0806
1.47,-0.02,97.0112,24.0806
1.47125,-0.02,97.0112,23.9759
1.4725,-0.02,97.0112,23.9759
1.47375,-0.11,97.0112,23.8713
1.475,-0.11,97.0112,23.8713
1.47625,-0.02,97.0112,23.7594
1.4775,-0.02,97.0112,23.7594
1.47875,-0.11,97.0112,23.6548
1.48,-0.11,97.0112,23.6548
1.48125,-0.11,97.0112,23.5429
1.4825,-0.11,97.0112,23.5429
1.48375,-0.19,97.0112,23.431
1.485,-0.19,97.0112,23.431
1.48625,-0.02,97.0112,23.3127
1.4875,-0.02,97.0112,23.3127
1.48875,-0.02,97.0112,23.2081
1.49,-0.02,97.0112,23.2081
1.49125,-0.19,97.0112,23.1034
1.4925,-0.19,97.0112,23.1034
1.49375,-0.11,97.0112,22.9851
1.495,-0.11,97.0112,22.9851
1.49625,-0.19,97.0112,22.8732
1.4975,-0.19,97.0112,22.8732
1.49875,-0.11,97.0112,22.7549
1.5,-0.11,97.0112,22.7549
1.50125,-0.11,97.0112,22.643
1.50125,-0.11,97.0112,22.643
1.50125,-0.11,97.0112,22.643
1.5025,-0.11,97.0112,22.643
1.50375,-0.19,97.0112,22.5312
1.505,-0.19,97.0112,22.5312
1.50625,-0.02,97.0112,22.4129
1.5075,-0.02,97.0112,22.4129
1.50875,-0.19,97.0112,22.3082
1.51,-0.19,97.0112,22.3082
1.51125,-0.19,97.0112,22.1899
1.5125,-0.19,97.0112,22.1899
1.51375,-0.02,97.0112,22.0716
1.515,-0.02,97.0112,22.0716
1.51625,-0.19,97.0112,21.9669
1.5175,-0.19,97.0112,21.9669
1.51875,-0.11,97.0112,21.8486
1.52,-0.11,97.0112,21.8486
1.52125,-0.19,97.0112,21.7368
1.5225,-0.19,97.0112,21.7368
1.52375,-0.11,97.0112,21.6185
1.525,-0.11,97.0112,21.6185
1.52625,-0.19,97.0112,21.5066
1.5275,-0.19,97.0112,21.5066
1.52875,-0.11,97.0112,21.3883
1.53,-0.11,97.0112,21.3883
1.53125,-0.19,97.0112,21.2764
1.5325,-0.19,97.0112,21.2764
1.53375,-0.19,97.0112,21.1581
1.535,-0.19,97.0112,21.1581
1.53625,-0.19,97.0112,21.0398
1.5375,-0.19,97.0112,21.0398
1.53875,-0.02,97.0112,20.9215
1.54,-0.02,97.0112,20.9215
1.54125,-0.11,97.0112,20.8168
1.5425,-0.11,97.0112,20.8168
1.54375,-0.02,97.0112,20.7049
1.545,-0.02,89.0444,20.7049
1.54625,-0.02,89.0444,20.6003
1.5475,-0.02,89.0444,20.6003
1.54875,-0.02,89.0444,20.4956
1.55,-0.02,89.0444,20.4956
1.55125,-0.11,89.0444,20.391
1.55125,-0.11,89.0444,20.391
1.55125,-0.11,89.0444,20.391
1.5525,-0.11,89.0444,20.391
1.55375,-0.19,89.0444,20.2791
1.555,-0.19,89.0444,20.2791
1.55625,-0.11,89.0444,20.1608
1.5575,-0.11,89.0444,20.1608
1.55875,-0.11,89.0444,20.0489
1.56,-0.11,89.0444,20.0489
1.56125,-0.11,89.0444,19.9371
1.5625,-0.11,89.0444,19.9371
1.56375,-0.02,89.0444,19.8252
1.565,-0.02,89.0444,19.8252
1.56625,-0.02,89.0444,19.7205
1.5675,-0.02,89.0444,19.7205
1.56875,-0.19,89.0444,19.6159
1.57,-0.19,89.0444,19.6159
1.57125,-0.19,89.0444,19.4976
1.5725,-0.19,89.0444,19.4976
1.57375,-0.19,89.0444,19.3793
1.575,-0.19,89.0444,19.3793
1.57625,-0.19,89.0444,19.261
1.5775,-0.19,89.0444,19.261
1.57875,-0.11,89.0444,19.1427
1.58,-0.11,89.0444,19.1427
1.58125,-0.02,89.0444,19.0308
1.5825,-0.02,89.0444,19.0308
1.58375,-0.11,89.0444,18.9261
1.585,-0.11,89.0444,18.9261
1.58625,-0.02,89.0444,18.8143
1.5875,-0.02,89.0444,18.8143
1.58875,-0.11,89.0444,18.7096
1.59,-0.11,89.0444,18.7096
1.59125,-0.02,89.0444,18.5977
1.5925,-0.02,89.0444,18.5977
1.59375,-0.19,89.0444,18.4931
1.595,-0.19,77.6534,18.4931
1.59625,-0.02,77.6534,18.3748
1.5975,-0.02,77.6534,18.3748
1.59875,-0.02,77.6534,18.2701
1.6,-0.02,77.6534,18.2701
1.60125,-0.19,77.6534,18.1655
1.60125,-0.19,77.6534,18.1655
1.60125,-0.19,77.6534,18.1655
1.6025,-0.19,77.6534,18.1655
1.60375,-0.11,77.6534,18.0472
1.605,-0.11,77.6534,18.0472
1.60625,-0.11,77.6534,17.9353
1.6075,-0.11,77.6534,17.9353
1.60875,-0.11,77.6534,17.8234
1.61,-0.11,77.6534,17.8234
1.61125,-0.02,77.6534,17.7115
1.6125,-0.02,77.6534,17.7115
1.61375,-0.02,77.6534,17.6069
1.615,-0.02,77.6534,17.6069
1.61625,-0.02,77.6534,17.5022
1.6175,-0.02,77.6534,17.5022
1.61875,-0.11,77.6534,17.3976
1.62,-0.11,77.6534,17.3976
1.62125,-0.19,77.6534,17.2857
1.6225,-0.19,77.6534,17.2857
1.62375,-0.02,77.6534,17.1674
1.625,-0.02,77.6534,17.1674
1.62625,-0.11,77.6534,17.0628
1.6275,-0.11,77.6534,17.0628
1.62875,-0.11,77.6534,16.9509
1.63,-0.11,77.6534,16.9509
1.63125,-0.11,77.6534,16.839
1.6325,-0.11,77.6534,16.839
1.63375,-0.02,77.6534,16.7271
1.635,-0.02,77.6534,16.7271
1.63625,-0.11,77.6534,16.6225
1.6375,-0.11,77.6534,16.6225
1.63875,-0.02,77.6534,16.5106
1.64,-0.02,77.6534,16.5106
1.64125,-0.02,77.6534,16.406
1.6425,-0.02,77.6534,16.406
1.64375,-0.02,77.6534,16.3013
1.645,-0.02,67.4154,16.3013
1.64625,0.06,67.4154,16.1967
1.6475,0.06,67.4154,16.1967
1.64875,-0.19,67.4154,16.0985
1.65,-0.19,67.4154,16.0985
1.65125,-0.02,67.4154,15.9801
1.65125,-0.02,67.4154,15.9801
1.65125,-0.02,67.4154,15.9801
1.6525,-0.02,67.4154,15.9801
1.65375,-0.11,67.4154,15.8755
1.655,-0.11,67.4154,15.8755
1.65625,-0.02,67.4154,15.7636
1.6575,-0.02,67.4154,15.7636
1.65875,-0.19,67.4154,15.659
1.66,-0.19,67.4154,15.659
1.66125,-0.02,67.4154,15.5407
1.6625,-0.02,67.4154,15.5407
1.66375,-0.11,67.4154,15.436
1.665,-0.11,67.4154,15.436
1.66625,-0.19,67.4154,15.3241
1.6675,-0.19,67.4154,15.3241
1.66875,-0.02,67.4154,15.2058
1.67,-0.02,67.4154,15.2058
1.67125,-0.11,67.4154,15.1012
1.6725,-0.11,67.4154,15.1012
1.67375,-0.02,67.4154,14.9893
1.675,-0.02,67.4154,14.9893
1.67625,-0.19,67.4154,14.8847
1.6775,-0.19,67.4154,14.8847
1.67875,-0.02,67.4154,14.7664
1.68,-0.02,67.4154,14.7664
1.68125,-0.11,67.4154,14.6617
1.6825,-0.11,67.4154,14.6617
1.68375,-0.19,67.4154,14.5498
1.685,-0.19,67.4154,14.5498
1.68625,-0.11,67.4154,14.4315
1.6875,-0.11,67.4154,14.4315
1.68875,-0.02,67.4154,14.3196
1.69,-0.02,67.4154,14.3196
1.69125,-0.02,67.4154,14.215
1.6925,-0.02,67.4154,14.215
1.69375,-0.11,67.4154,14.1104
1.695,-0.11,61.7286,14.1104
1.69625,-0.02,61.7286,13.9985
1.6975,-0.02,61.7286,13.9985
1.69875,-0.02,61.7286,13.8938
1.7,-0.02,61.7286,13.8938
1.70125,-0.02,61.7286,13.7892
1.70125,-0.02,61.7286,13.7892
1.70125,-0.02,61.7286,13.7892
1.7025,-0.02,61.7286,13.7892
1.70375,-0.11,61.7286,13.6845
1.705,-0.11,61.7286,13.6845
1.70625,-0.11,61.7286,13.5727
1.7075,-0.11,61.7286,13.5727
1.70875,-0.02,61.7286,13.4608
1.71,-0.02,61.7286,13.4608
1.71125,-0.02,61.7286,13.3561
1.7125,-0.02,61.7286,13.3561
1.71375,-0.02,61.7286,13.2515
1.715,-0.02,61.7286,13.2515
1.71625,-0.02,61.7286,13.1469
1.7175,-0.02,61.7286,13.1469
1.71875,-0.11,61.7286,13.0422
1.72,-0.11,61.7286,13.0422
1.72125,-0.11,61.7286,12.9303
1.7225,-0.11,61.7286,12.9303
1.72375,-0.02,61.7286,12.8184
1.725,-0.02,61.7286,12.8184
1.72625,-0.11,61.7286,12.7138
1.7275,-0.11,61.7286,12.7138
1.72875,-0.02,61.7286,12.6019
1.73,-0.02,61.7286,12.6019
1.73125,-0.02,61.7286,12.4973
1.7325,-0.02,61.7286,12.4973
1.73375,-0.02,61.7286,12.3926
1.735,-0.02,61.7286,12.3926
1.73625,-0.11,61.7286,12.288
1.7375,-0.11,61.7286,12.288
1.73875,-0.02,61.7286,12.1761
1.74,-0.02,61.7286,12.1761
1.74125,0.06,61.7286,12.0715
1.7425,0.06,61.7286,12.0715
1.74375,-0.02,61.7286,11.9732
1.745,-0.02,54.8975,11.9732
1.74625,-0.02,54.8975,11.8686
1.7475,-0.02,54.8975,11.8686
1.74875,-0.02,54.8975,11.764
1.75,-0.02,54.8975,11.764
1.75125,-0.02,54.8975,11.6593
1.75125,-0.02,54.8975,11.6593
1.75125,-0.02,54.8975,11.6593
1.7525,-0.02,54.8975,11.6593
1.75375,-0.11,54.8975,11.5547
1.755,-0.11,54.8975,11.5547
1.75625,-0.11,54.8975,11.4428
1.7575,-0.11,54.8975,11.4428
1.75875,-0.02,54.8975,11.3309
1.76,-0.02,54.8975,11.3309
1.76125,-0.02,54.8975,11.2263
1.7625,-0.02,54.8975,11.2263
1.76375,-0.02,54.8975,11.1216
1.765,-0.02,54.8975,11.1216
1.76625,-0.19,54.8975,11.017
1.7675,-0.19,54.8975,11.017
1.76875,-0.19,54.8975,10.8987
1.77,-0.19,54.8975,10.8987
1.77125,-0.11,54.8975,10.7804
1.7725,-0.11,54.8975,10.7804
1.77375,-0.02,54.8975,10.6685
1.775,-0.02,54.8975,10.6685
1.77625,-0.11,54.8975,10.5638
1.7775,-0.11,54.8975,10.5638
1.77875,-0.11,54.8975,10.452
1.78,-0.11,54.8975,10.452
1.78125,-0.19,54.8975,10.3401
1.7825,-0.19,54.8975,10.3401
1.78375,-0.02,54.8975,10.2218
1.785,-0.02,54.8975,10.2218
1.78625,-0.02,54.8975,10.1171
1.7875,-0.02,54.8975,10.1171
1.78875,-0.02,54.8975,10.0125
1.79,-0.02,54.8975,10.0125
1.79125,-0.19,54.8975,9.90783
1.7925,-0.19,54.8975,9.90783
1.79375,-0.02,54.8975,9.78952
1.795,-0.02,52.6262,9.78952
1.79625,-0.02,52.6262,9.68488
1.7975,-0.02,52.6262,9.68488
1.79875,-0.02,52.6262,9.58023
1.8,-0.02,52.6262,9.58023
1.80125,-0.02,52.6262,9.47559
1.80125,-0.02,52.6262,9.47559
1.80125,-0.02,52.6262,9.47559
1.8025,-0.02,52.6262,9.47559
1.80375,-0.02,52.6262,9.37094
1.805,-0.02,52.6262,9.37094
1.80625,-0.02,52.6262,9.2663
1.8075,-0.02,52.6262,9.2663
1.80875,-0.19,52.6262,9.16165
1.81,-0.19,52.6262,9.16165
1.81125,-0.11,52.6262,9.04334
1.8125,-0.11,52.6262,9.04334
1.81375,-0.02,52.6262,8.93146
1.815,-0.02,52.6262,8.93146
1.81625,-0.02,52.6262,8.82682
1.8175,-0.02,52.6262,8.82682
1.81875,-0.02,52.6262,8.72217
1.82,-0.02,52.6262,8.72217
1.82125,-0.19,52.6262,8.61753
1.8225,-0.19,52.6262,8.61753
1.82375,-0.02,52.6262,8.49922
1.825,-0.02,52.6262,8.49922
1.82625,-0.02,52.6262,8.39458
1.8275,-0.02,52.6262,8.39458
1.82875,-0.02,52.6262,8.28993
1.83,-0.02,52.6262,8.28993
1.83125,-0.02,52.6262,8.18529
1.8325,-0.02,52.6262,8.18529
1.83375,-0.11,52.6262,8.08064
1.835,-0.11,52.6262,8.08064
1.83625,-0.02,52.6262,7.96876
1.8375,-0.02,52.6262,7.96876
1.83875,-0.02,52.6262,7.86411
1.84,-0.02,52.6262,7.86411
1.84125,-0.02,52.6262,7.75947
1.8425,-0.02,52.6262,7.75947
1.84375,-0.11,52.6262,7.65482
1.845,-0.11,51.4906,7.65482
1.84625,-0.02,51.4906,7.54294
1.8475,-0.02,51.4906,7.54294
1.84875,0.06,51.4906,7.4383
1.85,0.06,51.4906,7.4383
1.85125,-0.11,51.4906,7.34008
1.85125,-0.11,51.4906,7.34008
1.85125,-0.11,51.4906,7.34008
1.8525,-0.11,51.4906,7.34008
1.85375,-0.19,51.4906,7.22821
1.855,-0.19,51.4906,7.22821
1.85625,-0.02,51.4906,7.1099
1.8575,-0.02,51.4906,7.1099
1.85875,-0.02,51.4906,7.00525
1.86,-0.02,51.4906,7.00525
1.86125,-0.19,51.4906,6.90061
1.8625,-0.19,51.4906,6.90061
1.86375,-0.11,51.4906,6.7823
1.865,-0.11,51.4906,6.7823
1.86625,-0.11,51.4906,6.67042
1.8675,-0.11,51.4906,6.67042
1.86875,0.06,51.4906,6.55854
1.87,0.06,51.4906,6.55854
1.87125,-0.11,51.4906,6.46032
1.8725,-0.11,51.4906,6.46032
1.87375,-0.11,51.4906,6.34845
1.875,-0.11,51.4906,6.34845
1.87625,-0.02,51.4906,6.23657
1.8775,-0.02,51.4906,6.23657
1.87875,-0.11,51.4906,6.13192
1.88,-0.11,51.4906,6.13192
1.88125,-0.11,51.4906,6.02004
1.8825,-0.11,51.4906,6.02004
1.88375,-0.02,51.4906,5.90817
1.885,-0.02,51.4906,5.90817
1.88625,-0.02,51.4906,5.80352
1.8875,-0.02,51.4906,5.80352
1.88875,-0.11,51.4906,5.69888
1.89,-0.11,51.4906,5.69888
1.89125,-0.02,51.4906,5.587
1.8925,-0.02,51.4906,5.587
1.89375,-0.02,51.4906,5.48235
1.895,-0.02,49.2106,5.48235
1.89625,-0.19,49.2106,5.37771
1.8975,-0.19,49.2106,5.37771
1.89875,-0.11,49.2106,5.2594
1.9,-0.11,49.2106,5.2594
1.90125,-0.11,49.2106,5.14752
1.90125,-0.11,49.2106,5.14752
1.90125,-0.11,49.2106,5.14752
1.9025,-0.11,49.2106,5.14752
1.90375,-0.02,49.2106,5.03564
1.905,-0.02,49.2106,5.03564
1.90625,-0.11,49.2106,4.93099
1.9075,-0.11,49.2106,4.93099
1.90875,-0.19,49.2106,4.81911
1.91,-0.19,49.2106,4.81911
1.91125,-0.11,49.2106,4.70081
1.9125,-0.11,49.2106,4.70081
1.91375,-0.02,49.2106,4.58893
1.915,-0.02,49.2106,4.58893
1.91625,-0.02,49.2106,4.48428
1.9175,-0.02,49.2106,4.48428
1.91875,-0.11,49.2106,4.37964
1.92,-0.11,49.2106,4.37964
1.92125,-0.11,49.2106,4.26776
1.9225,-0.11,49.2106,4.26776
1.92375,-0.02,49.2106,4.15588
1.925,-0.02,49.2106,4.15588
1.92625,-0.11,49.2106,4.05124
1.9275,-0.11,49.2106,4.05124
1.92875,-0.02,49.2106,3.93935
1.93,-0.02,49.2106,3.93935
1.93125,-0.02,49.2106,3.83471
1.9325,-0.02,49.2106,3.83471
1.93375,-0.02,49.2106,3.73006
1.935,-0.02,49.2106,3.73006
1.93625,-0.11,49.2106,3.62542
1.9375,-0.11,49.2106,3.62542
1.93875,-0.11,49.2106,3.51354
1.94,-0.11,49.2106,3.51354
1.94125,-0.02,49.2106,3.40166
1.9425,-0.02,49.2106,3.40166
1.94375,-0.11,49.2106,3.29702
1.945,-0.11,46.9394,3.29702
1.94625,0.06,46.9394,3.18514
1.9475,0.06,46.9394,3.18514
1.94875,-0.11,46.9394,3.08692
1.95,-0.11,46.9394,3.08692
1.95125,-0.02,46.9394,2.97505
1.95125,-0.02,46.9394,2.97505
1.95125,-0.02,46.9394,2.97505
1.9525,-0.02,46.9394,2.97505
1.95375,-0.11,46.9394,2.8704
1.955,-0.11,46.9394,2.8704
1.95625,-0.02,46.9394,2.75852
1.9575,-0.02,46.9394,2.75852
1.95875,-0.02,46.9394,2.65388
1.96,-0.02,46.9394,2.65388
1.96125,-0.02,46.9394,2.54923
1.9625,-0.02,46.9394,2.54923
1.96375,-0.11,46.9394,2.44459
1.965,-0.11,46.9394,2.44459
1.96625,-0.11,46.9394,2.33271
1.9675,-0.11,46.9394,2.33271
1.96875,-0.11,46.9394,2.22083
1.97,-0.11,46.9394,2.22083
1.97125,-0.02,46.9394,2.10895
1.9725,-0.02,46.9394,2.10895
1.97375,-0.19,46.9394,2.00431
1.975,-0.19,46.9394,2.00431
1.97625,-0.11,46.9394,1.88599
1.9775,-0.11,46.9394,1.88599
1.97875,-0.02,46.9394,1.77412
1.98,-0.02,46.9394,1.77412
1.98125,-0.02,46.9394,1.66947
1.9825,-0.02,46.9394,1.66947
1.98375,-0.02,46.9394,1.56483
1.985,-0.02,46.9394,1.56483
1.98625,-0.19,46.9394,1.46018
1.9875,-0.19,46.9394,1.46018
1.98875,-0.11,46.9394,1.34187
1.99,-0.11,46.9394,1.34187
1.99125,-0.02,46.9394,1.22999
1.9925,-0.02,46.9394,1.22999
1.99375,-0.19,46.9394,1.12535
1.995,-0.19,44.6681,1.12535
1.99625,-0.02,44.6681,1.00704
1.9975,-0.02,44.6681,1.00704
1.99875,-0.19,44.6681,0.902396
2,-0.19,44.6681,0.902396
2.00125,-0.11,44.6681,0.784085
2.00125,-0.11,44.6681,0.784085
2.00125,-0.11,44.6681,0.784085
2.0025,-0.11,44.6681,0.784085
2.00375,0.06,44.6681,0.672203
2.005,0.06,44.6681,0.672203
2.00625,-0.02,44.6681,0.573995
2.0075,-0.02,44.6681,0.573995
2.00875,-0.02,44.6681,0.469348
2.01,-0.02,44.6681,0.469348
2.01125,-0.11,44.6681,0.3647
2.0125,-0.11,44.6681,0.3647
2.01375,-0.02,44.6681,0.252819
2.015,-0.02,44.6681,0.252819
2.01625,-0.11,44.6681,0.148181
2.0175,-0.11,44.6681,0.148181
2.01875,-0.11,44.6681,0.0362999
2.02,-0.11,44.6681,0.0362999
2.02125,-0.11,44.6681,-0.0755816
2.0225,-0.11,44.6681,-0.0755816
2.02375,-0.02,44.6681,-0.187463
2.025,-0.02,44.6681,-0.187463
2.02625,-0.11,44.6681,-0.2921
2.0275,-0.11,44.6681,-0.2921
2.02875,-0.02,44.6681,-0.403982
2.03,-0.02,44.6681,-0.403982
2.03125,-0.02,44.6681,-0.508629
2.0325,-0.02,44.6681,-0.508629
2.03375,-0.02,44.6681,-0.613277
2.035,-0.02,44.6681,-0.613277
2.03625,-0.11,44.6681,-0.717924
2.0375,-0.11,44.6681,-0.717924
2.03875,-0.02,44.6681,-0.829795
2.04,-0.02,44.6681,-0.829795
2.04125,-0.11,44.6681,-0.934443
2.0425,-0.11,44.6681,-0.934443
2.04375,-0.02,44.6681,-1.04632
2.045,-0.02,42.3882,-1.04632
2.04625,-0.02,42.3882,-1.15097
2.0475,-0.02,42.3882,-1.15097
2.04875,-0.02,42.3882,-1.25561
2.05,-0.02,42.3882,-1.25561
2.05125,-0.02,42.3882,-1.36026
2.05125,-0.02,42.3882,-1.36026
2.05125,-0.02,42.3882,-1.36026
2.0525,-0.02,42.3882,-1.36026
2.05375,-0.11,42.3882,-1.4649
2.055,-0.11,42.3882,-1.4649
2.05625,-0.02,42.3882,-1.57679
2.0575,-0.02,42.3882,-1.57679
2.05875,-0.02,42.3882,-1.68142
2.06,-0.02,42.3882,-1.68142
2.06125,-0.11,42.3882,-1.78607
2.0625,-0.11,42.3882,-1.78607
2.06375,-0.02,42.3882,-1.89795
2.065,-0.02,42.3882,-1.89795
2.06625,-0.19,42.3882,-2.0026
2.0675,-0.19,42.3882,-2.0026
2.06875,-0.02,42.3882,-2.1209
2.07,-0.02,42.3882,-2.1209
2.07125,-0.02,42.3882,-2.22555
2.0725,-0.02,42.3882,-2.22555
2.07375,-0.11,42.3882,-2.33019
2.075,-0.11,42.3882,-2.33019
2.07625,-0.11,42.3882,-2.44208
2.0775,-0.11,42.3882,-2.44208
2.07875,-0.02,42.3882,-2.55395
2.08,-0.02,42.3882,-2.55395
2.08125,-0.02,42.3882,-2.65859
2.0825,-0.02,42.3882,-2.65859
2.08375,-0.02,42.3882,-2.76324
2.085,-0.02,42.3882,-2.76324
2.08625,-0.02,42.3882,-2.86789
2.0875,-0.02,42.3882,-2.86789
2.08875,-0.02,42.3882,-2.97253
2.09,-0.02,42.3882,-2.97253
2.09125,-0.02,42.3882,-3.07717
2.0925,-0.02,42.3882,-3.07717
2.09375,-0.02,42.3882,-3.18182
2.095,-0.02,41.2526,-3.18182
2.09625,-0.11,41.2526,-3.28647
2.0975,-0.11,41.2526,-3.28647
2.09875,-0.19,41.2526,-3.39835
2.1,-0.19,41.2526,-3.39835
2.10125,-0.19,41.2526,-3.51665
2.10125,-0.19,41.2526,-3.51665
2.10125,-0.19,41.2526,-3.51665
2.1025,-0.19,41.2526,-3.51665
2.10375,-0.02,41.2526,-3.63496
2.105,-0.02,41.2526,-3.63496
2.10625,-0.02,41.2526,-3.73961
2.1075,-0.02,41.2526,-3.73961
2.10875,-0.02,41.2526,-3.84426
2.11,-0.02,41.2526,-3.84426
2.11125,-0.02,41.2526,-3.9489
2.1125,-0.02,41.2526,-3.9489
2.11375,-0.02,41.2526,-4.05354
2.115,-0.02,41.2526,-4.05354
2.11625,-0.02,41.2526,-4.15819
2.1175,-0.02,41.2526,-4.15819
2.11875,-0.02,41.2526,-4.26284
2.12,-0.02,41.2526,-4.26284
2.12125,-0.02,41.2526,-4.36748
2.1225,-0.02,41.2526,-4.36748
2.12375,-0.02,41.2526,-4.47212
2.125,-0.02,41.2526,-4.47212
2.12625,-0.19,41.2526,-4.57677
2.1275,-0.19,41.2526,-4.57677
2.12875,-0.02,41.2526,-4.69508
2.13,-0.02,41.2526,-4.69508
2.13125,-0.11,41.2526,-4.79972
2.1325,-0.11,41.2526,-4.79972
2.13375,-0.19,41.2526,-4.9116
2.135,-0.19,41.2526,-4.9116
2.13625,-0.02,41.2526,-5.02991
2.1375,-0.02,41.2526,-5.02991
2.13875,-0.11,41.2526,-5.13456
2.14,-0.11,41.2526,-5.13456
2.14125,-0.02,41.2526,-5.24643
2.1425,-0.02,41.2526,-5.24643
2.14375,-0.02,41.2526,-5.35108
2.145,-0.02,40.1169,-5.35108
2.14625,-0.11,40.1169,-5.45573
2.1475,-0.11,40.1169,-5.45573
2.14875,-0.02,40.1169,-5.56761
2.15,-0.02,40.1169,-5.56761
2.15125,-0.11,40.1169,-5.67224
2.15125,-0.11,40.1169,-5.67224
2.15125,-0.11,40.1169,-5.67224
2.1525,-0.11,40.1169,-5.67224
2.15375,-0.02,40.1169,-5.78413
2.155,-0.02,40.1169,-5.78413
2.15625,-0.02,40.1169,-5.88877
2.1575,-0.02,40.1169,-5.88877
2.15875,-0.02,40.1169,-5.99342
2.16,-0.02,40.1169,-5.99342
2.16125,-0.02,40.1169,-6.09807
2.1625,-0.02,40.1169,-6.09807
2.16375,-0.02,40.1169,-6.20271
2.165,-0.02,40.1169,-6.20271
2.16625,-0.11,40.1169,-6.30735
2.1675,-0.11,40.1169,-6.30735
2.16875,-0.19,40.1169,-6.41923
2.17,-0.19,40.1169,-6.41923
2.17125,-0.02,40.1169,-6.53755
2.1725,-0.02,40.1169,-6.53755
2.17375,-0.02,40.1169,-6.64218
2.175,-0.02,40.1169,-6.64218
2.17625,-0.02,40.1169,-6.74683
2.1775,-0.02,40.1169,-6.74683
2.17875,-0.02,40.1169,-6.85148
2.18,-0.02,40.1169,-6.85148
2.18125,-0.11,40.1169,-6.95613
2.1825,-0.11,40.1169,-6.95613
2.18375,-0.02,40.1169,-7.068
2.185,-0.02,40.1169,-7.068
2.18625,-0.02,40.1169,-7.17264
2.1875,-0.02,40.1169,-7.17264
2.18875,-0.02,40.1169,-7.27729
2.19,-0.02,40.1169,-7.27729
2.19125,-0.02,40.1169,-7.38194
2.1925,-0.02,40.1169,-7.38194
2.19375,-0.11,40.1169,-7.48658
2.195,-0.11,40.1169,-7.48658
2.19625,-0.19,40.1169,-7.59846
2.1975,-0.19,40.1169,-7.59846
2.19875,-0.02,40.1169,-7.71677
2.2,-0.02,40.1169,-7.71677
2.20125,-0.02,40.1169,-7.82142
2.20125,-0.02,40.1169,-7.82142
2.20125,-0.02,40.1169,-7.82142
2.2025,-0.02,40.1169,-7.82142
2.20375,-0.11,40.1169,-7.92605
2.205,-0.11,40.1169,-7.92605
2.20625,-0.02,40.1169,-8.03794
2.2075,-0.02,40.1169,-8.03794
2.20875,-0.02,40.1169,-8.14258
2.21,-0.02,40.1169,-8.14258
2.21125,-0.02,40.1169,-8.24723
2.2125,-0.02,40.1169,-8.24723
2.21375,-0.02,40.1169,-8.35187
2.215,-0.02,40.1169,-8.35187
2.21625,-0.02,40.1169,-8.45652
2.2175,-0.02,40.1169,-8.45652
2.21875,-0.11,40.1169,-8.56116
2.22,-0.11,40.1169,-8.56116
2.22125,-0.02,40.1169,-8.67305
2.2225,-0.02,40.1169,-8.67305
2.22375,-0.02,40.1169,-8.77769
2.225,-0.02,40.1169,-8.77769
2.22625,-0.02,40.1169,-8.88233
2.2275,-0.02,40.1169,-8.88233
2.22875,-0.02,40.1169,-8.98698
2.23,-0.02,40.1169,-8.98698
2.23125,-0.02,40.1169,-9.09163
2.2325,-0.02,40.1169,-9.09163
2.23375,-0.02,40.1169,-9.19627
2.235,-0.02,40.1169,-9.19627
2.23625,-0.02,40.1169,-9.30091
2.2375,-0.02,40.1169,-9.30091
2.23875,-0.02,40.1169,-9.40556
2.24,-0.02,40.1169,-9.40556
2.24125,-0.02,40.1169,-9.51021
2.2425,-0.02,40.1169,-9.51021
2.24375,-0.02,40.1169,-9.61485
2.245,-0.02,41.2526,-9.61485
2.24625,-0.02,41.2526,-9.71949
2.2475,-0.02,41.2526,-9.71949
2.24875,-0.11,41.2526,-9.82414
2.25,-0.11,41.2526,-9.82414
2.25125,-0.02,41.2526,-9.93602
2.25125,-0.02,41.2526,-9.93602
2.25125,-0.02,41.2526,-9.93602
2.2525,-0.02,41.2526,-9.93602
2.25375,-0.02,41.2526,-10.0407
2.255,-0.02,41.2526,-10.0407
2.25625,-0.02,41.2526,-10.1453
2.2575,-0.02,41.2526,-10.1453
2.25875,-0.11,41.2526,-10.25
2.26,-0.11,41.2526,-10.25
2.26125,-0.02,41.2526,-10.3618
2.2625,-0.02,41.2526,-10.3618
2.26375,-0.02,41.2526,-10.4665
2.265,-0.02,41.2526,-10.4665
2.26625,-0.11,41.2526,-10.5711
2.2675,-0.11,41.2526,-10.5711
2.26875,-0.19,41.2526,-10.683
2.27,-0.19,41.2526,-10.683
2.27125,-0.11,41.2526,-10.8013
2.2725,-0.11,41.2526,-10.8013
2.27375,-0.11,41.2526,-10.9132
2.275,-0.11,41.2526,-10.9132
2.27625,-0.02,41.2526,-11.0251
2.2775,-0.02,41.2526,-11.0251
2.27875,-0.02,41.2526,-11.1297
2.28,-0.02,41.2526,-11.1297
2.28125,-0.11,41.2526,-11.2344
2.2825,-0.11,41.2526,-11.2344
2.28375,0.06,41.2526,-11.3462
2.285,0.06,41.2526,-11.3462
2.28625,-0.02,41.2526,-11.4445
2.2875,-0.02,41.2526,-11.4445
2.28875,-0.02,41.2526,-11.5491
2.29,-0.02,41.2526,-11.5491
2.29125,-0.02,41.2526,-11.6537
2.2925,-0.02,41.2526,-11.6537
2.29375,0.06,41.2526,-11.7584
2.295,0.06,42.3882,-11.7584
2.29625,-0.02,42.3882,-11.8566
2.2975,-0.02,42.3882,-11.8566
2.29875,-0.02,42.3882,-11.9612
2.3,-0.02,42.3882,-11.9612
2.30125,-0.11,42.3882,-12.0659
2.30125,-0.11,42.3882,-12.0659
2.30125,-0.11,42.3882,-12.0659
2.3025,-0.11,42.3882,-12.0659
2.30375,-0.02,42.3882,-12.1778
2.305,-0.02,42.3882,-12.1778
2.30625,0.06,42.3882,-12.2824
2.3075,0.06,42.3882,-12.2824
2.30875,-0.02,42.3882,-12.3806
2.31,-0.02,42.3882,-12.3806
2.31125,0.06,42.3882,-12.4853
2.3125,0.06,42.3882,-12.4853
2.31375,-0.11,42.3882,-12.5835
2.315,-0.11,42.3882,-12.5835
2.31625,-0.02,42.3882,-12.6954
2.3175,-0.02,42.3882,-12.6954
2.31875,-0.02,42.3882,-12.8
2.32,-0.02,42.3882,-12.8
2.32125,-0.11,42.3882,-12.9047
2.3225,-0.11,42.3882,-12.9047
2.32375,-0.02,42.3882,-13.0165
2.325,-0.02,42.3882,-13.0165
2.32625,-0.02,42.3882,-13.1212
2.3275,-0.02,42.3882,-13.1212
2.32875,-0.11,42.3882,-13.2258
2.33,-0.11,42.3882,-13.2258
2.33125,-0.19,42.3882,-13.3377
2.3325,-0.19,42.3882,-13.3377
2.33375,-0.02,42.3882,-13.456
2.335,-0.02,42.3882,-13.456
2.33625,-0.02,42.3882,-13.5607
2.3375,-0.02,42.3882,-13.5607
2.33875,-0.02,42.3882,-13.6653
2.34,-0.02,42.3882,-13.6653
2.34125,-0.02,42.3882,-13.77
2.3425,-0.02,42.3882,-13.77
2.34375,-0.02,42.3882,-13.8746
2.345,-0.02,43.5238,-13.8746
2.34625,-0.02,43.5238,-13.9792
2.3475,-0.02,43.5238,-13.9792
2.34875,-0.02,43.5238,-14.0839
2.35,-0.02,43.5238,-14.0839
2.35125,-0.11,43.5238,-14.1885
2.35125,-0.11,43.5238,-14.1885
2.35125,-0.11,43.5238,-14.1885
2.3525,-0.11,43.5238,-14.1885
2.35375,-0.19,43.5238,-14.3004
2.355,-0.19,43.5238,-14.3004
2.35625,-0.02,43.5238,-14.4187
2.3575,-0.02,43.5238,-14.4187
2.35875,-0.02,43.5238,-14.5234
2.36,-0.02,43.5238,-14.5234
2.36125,-0.11,43.5238,-14.628
2.3625,-0.11,43.5238,-14.628
2.36375,-0.02,43.5238,-14.7399
2.365,-0.02,43.5238,-14.7399
2.36625,-0.11,43.5238,-14.8445
2.3675,-0.11,43.5238,-14.8445
2.36875,-0.11,43.5238,-14.9564
2.37,-0.11,43.5238,-14.9564
2.37125,-0.02,43.5238,-15.0683
2.3725,-0.02,43.5238,-15.0683
2.37375,-0.19,43.5238,-15.1729
2.375,-0.19,43.5238,-15.1729
2.37625,-0.11,43.5238,-15.2913
2.3775,-0.11,43.5238,-15.2913
2.37875,-0.19,43.5238,-15.4031
2.38,-0.19,43.5238,-15.4031
2.38125,-0.02,43.5238,-15.5214
2.3825,-0.02,43.5238,-15.5214
2.38375,-0.11,43.5238,-15.6261
2.385,-0.11,43.5238,-15.6261
2.38625,-0.11,43.5238,-15.738
2.3875,-0.11,43.5238,-15.738
2.38875,-0.02,43.5238,-15.8498
2.39,-0.02,43.5238,-15.8498
2.39125,-0.02,43.5238,-15.9545
2.3925,-0.02,43.5238,-15.9545
2.39375,-0.02,43.5238,-16.0591
2.395,-0.02,44.6681,-16.0591
2.39625,-0.11,44.6681,-16.1638
2.3975,-0.11,44.6681,-16.1638
2.39875,-0.02,44.6681,-16.2757
2.4,-0.02,44.6681,-16.2757
2.40125,-0.02,44.6681,-16.3803
2.40125,-0.02,44.6681,-16.3803
2.40125,-0.02,44.6681,-16.3803
2.4025,-0.02,44.6681,-16.3803
2.40375,0.06,44.6681,-16.4849
2.405,0.06,44.6681,-16.4849
2.40625,-0.02,44.6681,-16.5832
2.4075,-0.02,44.6681,-16.5832
2.40875,-0.11,44.6681,-16.6878
2.41,-0.11,44.6681,-16.6878
2.41125,-0.02,44.6681,-16.7997
2.4125,-0.02,44.6681,-16.7997
2.41375,-0.02,44.6681,-16.9043
2.415,-0.02,44.6681,-16.9043
2.41625,-0.02,44.6681,-17.009
2.4175,-0.02,44.6681,-17.009
2.41875,-0.02,44.6681,-17.1136
2.42,-0.02,44.6681,-17.1136
2.42125,-0.02,44.6681,-17.2183
2.4225,-0.02,44.6681,-17.2183
2.42375,-0.02,44.6681,-17.3229
2.425,-0.02,44.6681,-17.3229
2.42625,-0.02,44.6681,-17.4276
2.4275,-0.02,44.6681,-17.4276
2.42875,-0.11,44.6681,-17.5322
2.43,-0.11,44.6681,-17.5322
2.43125,0.06,44.6681,-17.6441
2.4325,0.06,44.6681,-17.6441
2.43375,-0.02,44.6681,-17.7423
2.435,-0.02,44.6681,-17.7423
2.43625,-0.11,44.6681,-17.8469
2.4375,-0.11,44.6681,-17.8469
2.43875,-0.02,44.6681,-17.9588
2.44,-0.02,44.6681,-17.9588
2.44125,-0.02,44.6681,-18.0635
2.4425,-0.02,44.6681,-18.0635
2.44375,-0.02,44.6681,-18.1681
2.445,-0.02,45.8038,-18.1681
2.44625,-0.19,45.8038,-18.2728
2.4475,-0.19,45.8038,-18.2728
2.44875,-0.11,45.8038,-18.3911
2.45,-0.11,45.8038,-18.3911
2.45125,-0.02,45.8038,-18.5029
2.45125,-0.02,45.8038,-18.5029
2.45125,-0.02,45.8038,-18.5029
2.4525,-0.02,45.8038,-18.5029
2.45375,-0.11,45.8038,-18.6076
2.455,-0.11,45.8038,-18.6076
2.45625,-0.02,45.8038,-18.7195
2.4575,-0.02,45.8038,-18.7195
2.45875,-0.02,45.8038,-18.8241
2.46,-0.02,45.8038,-18.8241
2.46125,-0.02,45.8038,-18.9288
2.4625,-0.02,45.8038,-18.9288
2.46375,-0.11,45.8038,-19.0334
2.465,-0.11,45.8038,-19.0334
2.46625,-0.02,45.8038,-19.1453
2.4675,-0.02,45.8038,-19.1453
2.46875,-0.11,45.8038,-19.2499
2.47,-0.11,45.8038,-19.2499
2.47125,-0.19,45.8038,-19.3618
2.4725,-0.19,45.8038,-19.3618
2.47375,-0.02,45.8038,-19.4801
2.475,-0.02,45.8038,-19.4801
2.47625,-0.11,45.8038,-19.5848
2.4775,-0.11,45.8038,-19.5848
2.47875,-0.19,45.8038,-19.6966
2.48,-0.19,45.8038,-19.6966
2.48125,-0.02,45.8038,-19.8149
2.4825,-0.02,45.8038,-19.8149
2.48375,-0.11,45.8038,-19.9196
2.485,-0.11,45.8038,-19.9196
2.48625,-0.02,45.8038,-20.0315
2.4875,-0.02,45.8038,-20.0315
2.48875,-0.11,45.8038,-20.1361
2.49,-0.11,45.8038,-20.1361
2.49125,-0.11,45.8038,-20.248
2.4925,-0.11,45.8038,-20.248
2.49375,-0.02,45.8038,-20.3599
2.495,-0.02,46.9394,-20.3599
2.49625,-0.02,46.9394,-20.4645
2.4975,-0.02,46.9394,-20.4645
2.49875,-0.02,46.9394,-20.5692
2.5,-0.02,46.9394,-20.5692
2.50125,-0.11,46.9394,-20.6738
2.50125,-0.11,46.9394,-20.6738
2.50125,-0.11,46.9394,-20.6738
2.5025,-0.11,46.9394,-20.6738
2.50375,-0.02,46.9394,-20.7857
2.505,-0.02,46.9394,-20.7857
2.50625,-0.02,46.9394,-20.8903
2.5075,-0.02,46.9394,-20.8903
2.50875,-0.02,46.9394,-20.995
2.51,-0.02,46.9394,-20.995
2.51125,-0.02,46.9394,-21.0996
2.5125,-0.02,46.9394,-21.0996
2.51375,0.15,46.9394,-21.2043
2.515,0.15,46.9394,-21.2043
2.51625,-0.02,46.9394,-21.2952
2.5175,-0.02,46.9394,-21.2952
2.51875,-0.02,46.9394,-21.3999
2.52,-0.02,46.9394,-21.3999
2.52125,-0.11,46.9394,-21.5045
2.5225,-0.11,46.9394,-21.5045
2.52375,-0.02,46.9394,-21.6164
2.525,-0.02,46.9394,-21.6164
2.52625,-0.11,46.9394,-21.7211
2.5275,-0.11,46.9394,-21.7211
2.52875,-0.02,46.9394,-21.8329
2.53,-0.02,46.9394,-21.8329
2.53125,-0.02,46.9394,-21.9376
2.5325,-0.02,46.9394,-21.9376
2.53375,-0.02,46.9394,-22.0422
2.535,-0.02,46.9394,-22.0422
2.53625,-0.02,46.9394,-22.1469
2.5375,-0.02,46.9394,-22.1469
2.53875,-0.02,46.9394,-22.2515
2.54,-0.02,46.9394,-22.2515
2.54125,-0.02,46.9394,-22.3562
2.5425,-0.02,46.9394,-22.3562
2.54375,-0.02,46.9394,-22.4608
2.545,-0.02,48.075,-22.4608
2.54625,-0.02,48.075,-22.5655
2.5475,-0.02,48.075,-22.5655
2.54875,-0.11,48.075,-22.6701
2.55,-0.11,48.075,-22.6701
2.55125,-0.02,48.075,-22.782
2.55125,-0.02,48.075,-22.782
2.55125,-0.02,48.075,-22.782
2.5525,-0.02,48.075,-22.782
2.55375,-0.02,48.075,-22.8866
2.555,-0.02,48.075,-22.8866
2.55625,-0.11,48.075,-22.9913
2.5575,-0.11,48.075,-22.9913
2.55875,-0.11,48.075,-23.1031
2.56,-0.11,48.075,-23.1031
2.56125,0.06,48.075,-23.215
2.5625,0.06,48.075,-23.215
2.56375,-0.02,48.075,-23.3132
2.565,-0.02,48.075,-23.3132
2.56625,-0.11,48.075,-23.4179
2.5675,-0.11,48.075,-23.4179
2.56875,-0.11,48.075,-23.5298
2.57,-0.11,48.075,-23.5298
2.57125,-0.02,48.075,-23.6416
2.5725,-0.02,48.075,-23.6416
2.57375,-0.02,48.075,-23.7463
2.575,-0.02,48.075,-23.7463
2.57625,-0.02,48.075,-23.8509
2.5775,-0.02,48.075,-23.8509
2.57875,-0.02,48.075,-23.9556
2.58,-0.02,48.075,-23.9556
2.58125,-0.02,48.075,-24.0602
2.5825,-0.02,48.075,-24.0602
2.58375,-0.11,48.075,-24.1649
2.585,-0.11,48.075,-24.1649
2.58625,-0.02,48.075,-24.2768
2.5875,-0.02,48.075,-24.2768
2.58875,-0.02,48.075,-24.3814
2.59,-0.02,48.075,-24.3814
2.59125,-0.02,48.075,-24.486
2.5925,-0.02,48.075,-24.486
2.59375,-0.11,48.075,-24.5907
2.595,-0.11,49.2106,-24.5907
2.59625,-0.02,49.2106,-24.7026
2.5975,-0.02,49.2106,-24.7026
2.59875,-0.02,49.2106,-24.8072
2.6,-0.02,49.2106,-24.8072
2.60125,-0.02,49.2106,-24.9119
2.60125,-0.02,49.2106,-24.9119
2.60125,-0.02,49.2106,-24.9119
2.6025,-0.02,49.2106,-24.9119
2.60375,-0.11,49.2106,-25.0165
2.605,-0.11,49.2106,-25.0165
2.60625,-0.02,49.2106,-25.1284
2.6075,-0.02,49.2106,-25.1284
2.60875,-0.02,49.2106,-25.233
2.61,-0.02,49.2106,-25.233
2.61125,-0.19,49.2106,-25.3377
2.6125,-0.19,49.2106,-25.3377
2.61375,-0.11,49.2106,-25.456
2.615,-0.11,49.2106,-25.456
2.61625,0.06,49.2106,-25.5679
2.6175,0.06,49.2106,-25.5679
2.61875,-0.02,49.2106,-25.6661
2.62,-0.02,49.2106,-25.6661
2.62125,-0.02,49.2106,-25.7707
2.6225,-0.02,49.2106,-25.7707
2.62375,-0.02,49.2106,-25.8754
2.625,-0.02,49.2106,-25.8754
2.62625,-0.02,49.2106,-25.98
2.6275,-0.02,49.2106,-25.98
2.62875,-0.02,49.2106,-26.0847
2.63,-0.02,49.2106,-26.0847
2.63125,-0.02,49.2106,-26.1893
2.6325,-0.02,49.2106,-26.1893
2.63375,-0.11,49.2106,-26.2939
2.635,-0.11,49.2106,-26.2939
2.63625,-0.02,49.2106,-26.4058
2.6375,-0.02,49.2106,-26.4058
2.63875,-0.02,49.2106,-26.5105
2.64,-0.02,49.2106,-26.5105
2.64125,-0.11,49.2106,-26.6151
2.6425,-0.11,49.2106,-26.6151
2.64375,-0.19,49.2106,-26.727
2.645,-0.19,50.3463,-26.727
2.64625,-0.02,50.3463,-26.8453
2.6475,-0.02,50.3463,-26.8453
2.64875,-0.02,50.3463,-26.9499
2.65,-0.02,50.3463,-26.9499
2.65125,0.06,50.3463,-27.0546
2.65125,0.06,50.3463,-27.0546
2.65125,0.06,50.3463,-27.0546
2.6525,0.06,50.3463,-27.0546
2.65375,-0.02,50.3463,-27.1528
2.655,-0.02,50.3463,-27.1528
2.65625,-0.02,50.3463,-27.2575
2.6575,-0.02,50.3463,-27.2575
2.65875,-0.11,50.3463,-27.3621
2.66,-0.11,50.3463,-27.3621
2.66125,-0.11,50.3463,-27.474
2.6625,-0.11,50.3463,-27.474
2.66375,-0.11,50.3463,-27.5859
2.665,-0.11,50.3463,-27.5859
2.66625,-0.02,50.3463,-27.6977
2.6675,-0.02,50.3463,-27.6977
2.66875,-0.11,50.3463,-27.8024
2.67,-0.11,50.3463,-27.8024
2.67125,-0.11,50.3463,-27.9143
2.6725,-0.11,50.3463,-27.9143
2.67375,-0.02,50.3463,-28.0261
2.675,-0.02,50.3463,-28.0261
2.67625,-0.02,50.3463,-28.1308
2.6775,-0.02,50.3463,-28.1308
2.67875,-0.11,50.3463,-28.2354
2.68,-0.11,50.3463,-28.2354
2.68125,-0.02,50.3463,-28.3473
2.6825,-0.02,50.3463,-28.3473
2.68375,-0.02,50.3463,-28.3473
2.685,-0.02,50.3463,-28.3473
2.68625,-0.11,50.3463,-28.3473
2.6875,-0.11,50.3463,-28.3473
2.68875,-0.19,50.3463,-28.3473
2.69,-0.19,50.3463,-28.3473
2.69125,-0.11,50.3463,-28.3473
2.6925,-0.11,50.3463,-28.3473
2.69375,0.06,50.3463,-28.3473
2.695,0.06,52.6262,-28.3473
2.69625,-0.02,52.6262,-28.3473
2.6975,-0.02,52.6262,-28.3473
2.69875,-0.02,52.6262,-28.3473
2.7,-0.02,52.6262,-28.3473
2.70125,-0.02,52.6262,-28.3473
2.70125,-0.02,52.6262,-28.3473
2.70125,-0.02,52.6262,-28.3473
2.7025,-0.02,52.6262,-28.3473
2.70375,-0.11,52.6262,-28.3473
2.705,-0.11,52.6262,-28.3473
2.70625,-0.02,52.6262,-28.3473
2.7075,-0.02,52.6262,-28.3473
2.70875,-0.02,52.6262,-28.3473
2.71,-0.02,52.6262,-28.3473
2.71125,-0.02,52.6262,-28.3473
2.7125,-0.02,52.6262,-28.3473
2.71375,-0.02,52.6262,-28.3473
2.715,-0.02,52.6262,-28.3473
2.71625,-0.02,52.6262,-28.3473
2.7175,-0.02,52.6262,-28.3473
2.71875,-0.11,52.6262,-28.3473
2.72,-0.11,52.6262,-28.3473
2.72125,-0.02,52.6262,-28.3473
2.7225,-0.02,52.6262,-28.3473
2.72375,-0.11,52.6262,-28.3473
2.725,-0.11,52.6262,-28.3473
2.72625,-0.02,52.6262,-28.3473
2.7275,-0.02,52.6262,-28.3473
2.72875,0.06,52.6262,-28.3473
2.73,0.06,52.6262,-28.3473
2.73125,-0.11,52.6262,-28.3473
2.7325,-0.11,52.6262,-28.3473
2.73375,-0.02,52.6262,-28.3473
2.735,-0.02,52.6262,-28.3473
2.73625,0.06,52.6262,-28.3473
2.7375,0.06,52.6262,-28.3473
2.73875,-0.02,52.6262,-28.3473
2.74,-0.02,52.6262,-28.3473
2.74125,-0.11,52.6262,-28.3473
2.7425,-0.11,52.6262,-28.3473
2.74375,-0.19,52.6262,-28.3473
2.745,-0.19,52.6262,-28.3473
2.74625,-0.11,52.6262,-28.3473
2.7475,-0.11,52.6262,-28.3473
2.74875,-0.02,52.6262,-28.3473
2.75,-0.02,52.6262,-28.3473
2.75125,-0.02,52.6262,-28.3473
2.75125,-0.02,52.6262,-28.3473
2.75125,-0.02,52.6262,-28.3473
2.7525,-0.02,52.6262,-28.3473
2.75375,-0.19,52.6262,-28.3473
2.755,-0.19,52.6262,-28.3473
2.75625,-0.11,52.6262,-28.3473
2.7575,-0.11,52.6262,-28.3473
2.75875,-0.02,52.6262,-28.3473
2.76,-0.02,52.6262,-28.3473
2.76125,-0.02,52.6262,-28.3473
2.7625,-0.02,52.6262,-28.3473
2.76375,-0.02,52.6262,-28.3473
2.765,-0.02,52.6262,-28.3473
2.76625,-0.02,52.6262,-28.3473
2.7675,-0.02,52.6262,-28.3473
2.76875,-0.02,52.6262,-28.3473
2.77,-0.02,52.6262,-28.3473
2.77125,0.06,52.6262,-28.3473
2.7725,0.06,52.6262,-28.3473
2.77375,-0.02,52.6262,-28.3473
2.775,-0.02,52.6262,-28.3473
2.77625,-0.02,52.6262,-28.3473
2.7775,-0.02,52.6262,-28.3473
2.77875,-0.19,52.6262,-28.3473
2.78,-0.19,52.6262,-28.3473
2.78125,-0.11,52.6262,-28.3473
2.7825,-0.11,52.6262,-28.3473
2.78375,-0.02,52.6262,-28.3473
2.785,-0.02,52.6262,-28.3473
2.78625,-0.11,52.6262,-28.3473
2.7875,-0.11,52.6262,-28.3473
2.78875,0.06,52.6262,-28.3473
2.79,0.06,52.6262,-28.3473
2.79125,-0.02,52.6262,-28.3473
2.7925,-0.02,52.6262,-28.3473
2.79375,-0.02,52.6262,-28.3473
2.795,-0.02,53.7618,-28.3473
2.79625,-0.02,53.7618,-28.3473
2.7975,-0.02,53.7618,-28.3473
2.79875,-0.19,53.7618,-28.3473
2.8,-0.19,53.7618,-28.3473
2.80125,-0.02,53.7618,-28.3473
2.80125,-0.02,53.7618,-28.3473
2.80125,-0.02,53.7618,-28.3473
2.8025,-0.02,53.7618,-28.3473
2.80375,-0.11,53.7618,-28.3473
2.805,-0.11,53.7618,-28.3473
2.80625,0.06,53.7618,-28.3473
2.8075,0.06,53.7618,-28.3473
2.80875,-0.02,53.7618,-28.3473
2.81,-0.02,53.7618,-28.3473
2.81125,-0.11,53.7618,-28.3473
2.8125,-0.11,53.7618,-28.3473
2.81375,-0.19,53.7618,-28.3473
2.815,-0.19,53.7618,-28.3473
2.81625,-0.02,53.7618,-28.3473
2.8175,-0.02,53.7618,-28.3473
2.81875,-0.02,53.7618,-28.3473
2.82,-0.02,53.7618,-28.3473
2.82125,-0.02,53.7618,-28.3473
2.8225,-0.02,53.7618,-28.3473
2.82375,-0.02,53.7618,-28.3473
2.825,-0.02,53.7618,-28.3473
2.82625,-0.02,53.7618,-28.3473
2.8275,-0.02,53.7618,-28.3473
2.82875,-0.11,53.7618,-28.3473
2.83,-0.11,53.7618,-28.3473
2.83125,-0.02,53.7618,-28.3473
2.8325,-0.02,53.7618,-28.3473
2.83375,-0.02,53.7618,-28.3473
2.835,-0.02,53.7618,-28.3473
2.83625,-0.02,53.7618,-28.3473
2.8375,-0.02,53.7618,-28.3473
2.83875,-0.02,53.7618,-28.3473
2.84,-0.02,53.7618,-28.3473
2.84125,-0.02,53.7618,-28.3473
2.8425,-0.02,53.7618,-28.3473
2.84375,-0.02,53.7618,-28.3473
2.845,-0.02,54.8975,-28.3473
2.84625,-0.02,54.8975,-28.3473
2.8475,-0.02,54.8975,-28.3473
2.84875,-0.02,54.8975,-28.3473
2.85,-0.02,54.8975,-28.3473
2.85125,-0.11,54.8975,-28.3473
2.85125,-0.11,54.8975,-28.3473
2.85125,-0.11,54.8975,-28.3473
2.8525,-0.11,54.8975,-28.3473
2.85375,-0.19,54.8975,-28.3473
2.855,-0.19,54.8975,-28.3473
2.85625,-0.02,54.8975,-28.3473
2.8575,-0.02,54.8975,-28.3473
2.85875,-0.19,54.8975,-28.3473
2.86,-0.19,54.8975,-28.3473
2.86125,-0.19,54.8975,-28.3473
2.8625,-0.19,54.8975,-28.3473
2.86375,-0.02,54.8975,-28.3473
2.865,-0.02,54.8975,-28.3473
2.86625,-0.02,54.8975,-28.3473
2.8675,-0.02,54.8975,-28.3473
2.86875,-0.11,54.8975,-28.3473
2.87,-0.11,54.8975,-28.3473
2.87125,-0.02,54.8975,-28.3473
2.8725,-0.02,54.8975,-28.3473
2.87375,-0.02,54.8975,-28.3473
2.875,-0.02,54.8975,-28.3473
2.87625,-0.02,54.8975,-28.3473
2.8775,-0.02,54.8975,-28.3473
2.87875,-0.11,54.8975,-28.3473
2.88,-0.11,54.8975,-28.3473
2.88125,-0.19,54.8975,-28.3473
2.8825,-0.19,54.8975,-28.3473
2.88375,-0.11,54.8975,-28.3473
2.885,-0.11,54.8975,-28.3473
2.88625,-0.02,54.8975,-28.3473
2.8875,-0.02,54.8975,-28.3473
2.88875,-0.02,54.8975,-28.3473
2.89,-0.02,54.8975,-28.3473
2.89125,-0.11,54.8975,-28.3473
2.8925,-0.11,54.8975,-28.3473
2.89375,-0.02,54.8975,-28.3473
2.895,-0.02,54.8975,-28.3473
2.89625,-0.02,54.8975,-28.3473
2.8975,-0.02,54.8975,-28.3473
2.89875,-0.11,54.8975,-28.3473
2.9,-0.11,54.8975,-28.3473
2.90125,-0.02,54.8975,-28.3473
2.90125,-0.02,54.8975,-28.3473
2.90125,-0.02,54.8975,-28.3473
2.9025,-0.02,54.8975,-28.3473
2.90375,-0.02,54.8975,-28.3473
2.905,-0.02,54.8975,-28.3473
2.90625,-0.19,54.8975,-28.3473
2.9075,-0.19,54.8975,-28.3473
2.90875,-0.02,54.8975,-28.3473
2.91,-0.02,54.8975,-28.3473
2.91125,-0.02,54.8975,-28.3473
2.9125,-0.02,54.8975,-28.3473
2.91375,-0.02,54.8975,-28.3473
2.915,-0.02,54.8975,-28.3473
2.91625,-0.02,54.8975,-28.3473
2.9175,-0.02,54.8975,-28.3473
2.91875,-0.11,54.8975,-28.3473
2.92,-0.11,54.8975,-28.3473
2.92125,-0.19,54.8975,-28.3473
2.9225,-0.19,54.8975,-28.3473
2.92375,-0.11,54.8975,-28.3473
2.925,-0.11,54.8975,-28.3473
2.92625,-0.02,54.8975,-28.3473
2.9275,-0.02,54.8975,-28.3473
2.92875,-0.02,54.8975,-28.3473
2.93,-0.02,54.8975,-28.3473
2.93125,-0.11,54.8975,-28.3473
2.9325,-0.11,54.8975,-28.3473
2.93375,-0.11,54.8975,-28.3473
2.935,-0.11,54.8975,-28.3473
2.93625,-0.02,54.8975,-28.3473
2.9375,-0.02,54.8975,-28.3473
2.93875,-0.11,54.8975,-28.3473
2.94,-0.11,54.8975,-28.3473
2.94125,-0.02,54.8975,-28.3473
2.9425,-0.02,54.8975,-28.3473
2.94375,-0.02,54.8975,-28.3473
2.945,-0.02,56.0331,-28.3473
2.94625,-0.02,56.0331,-28.3473
2.9475,-0.02,56.0331,-28.3473
2.94875,-0.11,56.0331,-28.3473
2.95,-0.11,56.0331,-28.3473
2.95125,-0.02,56.0331,-28.3473
2.95125,-0.02,56.0331,-28.3473
2.95125,-0.02,56.0331,-28.3473
2.9525,-0.02,56.0331,-28.3473
2.95375,-0.11,56.0331,-28.3473
2.955,-0.11,56.0331,-28.3473
2.95625,-0.11,56.0331,-28.3473
2.9575,-0.11,56.0331,-28.3473
2.95875,-0.02,56.0331,-28.3473
2.96,-0.02,56.0331,-28.3473
2.96125,0.06,56.0331,-28.3473
2.9625,0.06,56.0331,-28.3473
2.96375,-0.11,56.0331,-28.3473
2.965,-0.11,56.0331,-28.3473
2.96625,-0.02,56.0331,-28.3473
2.9675,-0.02,56.0331,-28.3473
2.96875,-0.11,56.0331,-28.3473
2.97,-0.11,56.0331,-28.3473
2.97125,-0.02,56.0331,-28.3473
2.9725,-0.02,56.0331,-28.3473
2.97375,-0.02,56.0331,-28.3473
2.975,-0.02,56.0331,-28.3473
2.97625,-0.02,56.0331,-28.3473
2.9775,-0.02,56.0331,-28.3473
2.97875,-0.19,56.0331,-28.3473
2.98,-0.19,56.0331,-28.3473
2.98125,-0.02,56.0331,-28.3473
2.9825,-0.02,56.0331,-28.3473
2.98375,-0.02,56.0331,-28.3473
2.985,-0.02,56.0331,-28.3473
2.98625,-0.02,56.0331,-28.3473
2.9875,-0.02,56.0331,-28.3473
2.98875,-0.19,56.0331,-28.3473
2.99,-0.19,56.0331,-28.3473
2.99125,-0.02,56.0331,-28.3473
2.9925,-0.02,56.0331,-28.3473
2.99375,-0.11,56.0331,-28.3473
2.995,-0.11,54.8975,-28.3473
2.99625,-0.02,54.8975,-28.3473
2.9975,-0.02,54.8975,-28.3473
2.99875,-0.02,54.8975,-28.3473
3,-0.02,54.8975,-28.3473
3.00125,-0.11,54.8975,-28.3473
3.00125,-0.11,54.8975,-28.3473
3.00125,-0.11,54.8975,-28.3473
3.0025,-0.11,54.8975,-28.3473
3.00375,-0.11,54.8975,-28.3473
3.005,-0.11,54.8975,-28.3473
3.00625,-0.02,54.8975,-28.3473
3.0075,-0.02,54.8975,-28.3473
3.00875,-0.02,54.8975,-28.3473
3.01,-0.02,54.8975,-28.3473
3.01125,-0.11,54.8975,-28.3473
3.0125,-0.11,54.8975,-28.3473
3.01375,-0.11,54.8975,-28.3473
3.015,-0.11,54.8975,-28.3473
3.01625,-0.19,54.8975,-28.3473
3.0175,-0.19,54.8975,-28.3473
3.01875,-0.02,54.8975,-28.3473
3.02,-0.02,54.8975,-28.3473
3.02125,-0.11,54.8975,-28.3473
3.0225,-0.11,54.8975,-28.3473
3.02375,0.06,54.8975,-28.3473
3.025,0.06,54.8975,-28.3473
3.02625,-0.02,54.8975,-28.3473
3.0275,-0.02,54.8975,-28.3473
3.02875,-0.19,54.8975,-28.3473
3.03,-0.19,54.8975,-28.3473
3.03125,-0.11,54.8975,-28.3473
3.0325,-0.11,54.8975,-28.3473
3.03375,-0.02,54.8975,-28.3473
3.035,-0.02,54.8975,-28.3473
3.03625,-0.11,54.8975,-28.3473
3.0375,-0.11,54.8975,-28.3473
3.03875,-0.19,54.8975,-28.3473
3.04,-0.19,54.8975,-28.3473
3.04125,-0.02,54.8975,-28.3473
3.0425,-0.02,54.8975,-28.3473
3.04375,-0.02,54.8975,-28.3473
3.045,-0.02,56.0331,-28.3473
3.04625,-0.02,56.0331,-28.3473
3.0475,-0.02,56.0331,-28.3473
3.04875,0.15,56.0331,-28.3473
3.05,0.15,56.0331,-28.3473
3.05125,0.4,56.0331,-28.3473
3.05125,0.4,56.0331,-28.3473
3.05125,0.4,56.0331,-28.3473
3.0525,0.4,56.0331,-28.3473
3.05375,0.15,56.0331,-28.3473
3.055,0.15,56.0331,-28.3473
3.05625,20.95,56.0331,-28.3473
3.0575,20.95,56.0331,-28.3473
3.05875,54.81,56.0331,-28.3473
3.06,54.81,56.0331,-28.3473
3.06125,53.61,56.0331,-28.3473
3.0625,53.61,56.0331,-28.3473
3.06375,-0.45,56.0331,-28.3473
3.065,-0.45,56.0331,-28.3473
3.06625,0.32,56.0331,-28.3473
3.0675,0.32,56.0331,-28.3473
3.06875,3.72,56.0331,-28.3473
3.07,3.72,56.0331,-28.3473
3.07125,-1.47,56.0331,-28.3473
3.0725,-1.47,56.0331,-28.3473
3.07375,-2.24,56.0331,-28.3473
3.075,-2.24,56.0331,-28.3473
3.07625,-0.45,56.0331,-28.3473
3.0775,-0.45,56.0331,-28.3473
3.07875,-0.62,56.0331,-28.3473
3.08,-0.62,56.0331,-28.3473
3.08125,-0.53,56.0331,-28.3473
3.0825,-0.53,56.0331,-28.3473
3.08375,-0.53,56.0331,-28.3473
3.085,-0.53,56.0331,-28.3473
3.08625,-0.53,56.0331,-28.3473
3.0875,-0.53,56.0331,-28.3473
3.08875,-0.53,56.0331,-28.3473
3.09,-0.53,56.0331,-28.3473
3.09125,-0.53,56.0331,-28.3473
3.0925,-0.53,56.0331,-28.3473
3.09375,-0.53,56.0331,-28.3473
3.095,-0.53,54.8975,-28.3473
3.09625,-0.53,54.8975,-28.3473
3.0975,-0.53,54.8975,-28.3473
3.09875,-0.28,54.8975,-28.3473
3.1,-0.28,54.8975,-28.3473
3.10125,-0.36,54.8975,-28.3473
3.10125,-0.36,54.8975,-28.3473
3.10125,-0.36,54.8975,-28.3473
3.1025,-0.36,54.8975,-28.3473
3.10375,-0.28,54.8975,-28.3473
3.105,-0.28,54.8975,-28.3473
3.10625,-0.45,54.8975,-28.3473
3.1075,-0.45,54.8975,-28.3473
3.10875,-0.28,54.8975,-28.3473
3.11,-0.28,54.8975,-28.3473
3.11125,-0.36,54.8975,-28.3473
3.1125,-0.36,54.8975,-28.3473
3.11375,-0.28,54.8975,-28.3473
3.115,-0.28,54.8975,-28.3473
3.11625,-0.19,54.8975,-28.3473
3.1175,-0.19,54.8975,-28.3473
3.11875,-0.19,54.8975,-28.3473
3.12,-0.19,54.8975,-28.3473
3.12125,-0.19,54.8975,-28.3473
3.1225,-0.19,54.8975,-28.3473
3.12375,-0.19,54.8975,-28.3473
3.125,-0.19,54.8975,-28.3473
3.12625,-0.19,54.8975,-28.3473
3.1275,-0.19,54.8975,-28.3473
3.12875,-0.19,54.8975,-28.3473
3.13,-0.19,54.8975,-28.3473
3.13125,-0.19,54.8975,-28.3473
3.1325,-0.19,54.8975,-28.3473
3.13375,-0.19,54.8975,-28.3473
3.135,-0.19,54.8975,-28.3473
3.13625,-0.45,54.8975,-28.3473
3.1375,-0.45,54.8975,-28.3473
3.13875,-0.71,54.8975,-28.3473
3.14,-0.71,54.8975,-28.3473
3.14125,-0.62,54.8975,-28.3473
3.1425,-0.62,54.8975,-28.3473
3.14375,-0.71,54.8975,-28.3473
3.145,-0.71,54.8975,-28.3473
3.14625,-0.36,54.8975,-28.3473
3.1475,-0.36,54.8975,-28.3473
3.14875,-0.19,54.8975,-28.3473
3.15,-0.19,54.8975,-28.3473
3.15125,-0.45,54.8975,-28.3473
3.15125,-0.45,54.8975,-28.3473
3.15125,-0.45,54.8975,-28.3473
3.1525,-0.45,54.8975,-28.3473
3.15375,-0.88,54.8975,-28.3473
3.155,-0.88,54.8975,-28.3473
3.15625,-0.45,54.8975,-28.3473
3.1575,-0.45,54.8975,-28.3473
3.15875,-1.13,54.8975,-28.3473
3.16,-1.13,54.8975,-28.3473
3.16125,-2.41,54.8975,-28.3473
3.1625,-2.41,54.8975,-28.3473
3.16375,-3.52,54.8975,-28.3473
3.165,-3.52,54.8975,-28.3473
3.16625,-3.86,54.8975,-28.3473
3.1675,-3.86,54.8975,-28.3473
3.16875,-3.95,54.8975,-28.3473
3.17,-3.95,54.8975,-28.3473
3.17125,-3.78,54.8975,-28.3473
3.1725,-3.78,54.8975,-28.3473
3.17375,-4.37,54.8975,-28.3473
3.175,-4.37,54.8975,-28.3473
3.17625,-4.54,54.8975,-28.3473
3.1775,-4.54,54.8975,-28.3473
3.17875,-5.82,54.8975,-28.3473
3.18,-5.82,54.8975,-28.3473
3.18125,-6.25,54.8975,-28.3473
3.1825,-6.25,54.8975,-28.3473
3.18375,-5.99,54.8975,-28.3473
3.185,-5.99,54.8975,-28.3473
3.18625,-5.99,54.8975,-28.3473
3.1875,-5.99,54.8975,-28.3473
3.18875,-6.16,54.8975,-28.3473
3.19,-6.16,54.8975,-28.3473
3.19125,-6.33,54.8975,-28.3473
3.1925,-6.33,54.8975,-28.3473
3.19375,-5.23,54.8975,-28.3473
3.195,-5.23,56.0331,-28.3473
3.19625,-7.27,56.0331,-28.3473
3.1975,-7.27,56.0331,-28.3473
3.19875,-7.61,56.0331,-28.3473
3.2,-7.61,56.0331,-28.3473
3.20125,-7.61,56.0331,-28.3473
3.20125,-7.61,56.0331,-28.3473
3.20125,-7.61,56.0331,-28.3473
3.2025,-7.61,56.0331,-28.3473
3.20375,-7.53,56.0331,-28.3473
3.205,-7.53,56.0331,-28.3473
3.20625,-7.53,56.0331,-28.3473
3.2075,-7.53,56.0331,-28.3473
3.20875,-7.7,56.0331,-28.3473
3.21,-7.7,56.0331,-28.3473
3.21125,-7.02,56.0331,-28.3473
3.2125,-7.02,56.0331,-28.3473
3.21375,-6.59,56.0331,-28.3473
3.215,-6.59,56.0331,-28.3473
3.21625,-6.51,56.0331,-28.3473
3.2175,-6.51,56.0331,-28.3473
3.21875,-6.85,56.0331,-28.3473
3.22,-6.85,56.0331,-28.3473
3.22125,-6.68,56.0331,-28.3473
3.2225,-6.68,56.0331,-28.3473
3.22375,-6.59,56.0331,-28.3473
3.225,-6.59,56.0331,-28.3473
3.22625,-6.51,56.0331,-28.3473
3.2275,-6.51,56.0331,-28.3473
3.22875,-6.42,56.0331,-28.3473
3.23,-6.42,56.0331,-28.3473
3.23125,-6.25,56.0331,-28.3473
3.2325,-6.25,56.0331,-28.3473
3.23375,-5.99,56.0331,-28.3473
3.235,-5.99,56.0331,-28.3473
3.23625,-5.65,56.0331,-28.3473
3.2375,-5.65,56.0331,-28.3473
3.23875,-5.48,56.0331,-28.3473
3.24,-5.48,56.0331,-28.3473
3.24125,-5.31,56.0331,-28.3473
3.2425,-5.31,56.0331,-28.3473
3.24375,-4.71,56.0331,-28.3473
3.245,-4.71,54.8975,-28.3473
3.24625,-4.37,54.8975,-28.3473
3.2475,-4.37,54.8975,-28.3473
3.24875,-3.86,54.8975,-28.3473
3.25,-3.86,54.8975,-28.3473
3.25125,-3.52,54.8975,-28.3473
3.25125,-3.52,54.8975,-28.3473
3.25125,-3.52,54.8975,-28.3473
3.2525,-3.52,54.8975,-28.3473
3.25375,-2.92,54.8975,-28.3473
3.255,-2.92,54.8975,-28.3473
3.25625,-2.5,54.8975,-28.3473
3.2575,-2.5,54.8975,-28.3473
3.25875,-2.24,54.8975,-28.3473
3.26,-2.24,54.8975,-28.3473
3.26125,-1.9,54.8975,-28.3473
3.2625,-1.9,54.8975,-28.3473
3.26375,-1.05,54.8975,-28.3473
3.265,-1.05,54.8975,-28.3473
3.26625,-0.11,54.8975,-28.3473
3.2675,-0.11,54.8975,-28.3473
3.26875,0.06,54.8975,-28.3473
3.27,0.06,54.8975,-28.3473
3.27125,0.06,54.8975,-28.3473
3.2725,0.06,54.8975,-28.3473
3.27375,0.15,54.8975,-28.3473
3.275,0.15,54.8975,-28.3473
3.27625,0.15,54.8975,-28.3473
3.2775,0.15,54.8975,-28.3473
3.27875,0.15,54.8975,-28.3473
3.28,0.15,54.8975,-28.3473
3.28125,0.15,54.8975,-28.3473
3.2825,0.15,54.8975,-28.3473
3.28375,-0.02,54.8975,-28.3473
3.285,-0.02,54.8975,-28.3473
3.28625,0.15,54.8975,-28.3473
3.2875,0.15,54.8975,-28.3473
3.28875,0.15,54.8975,-28.3473
3.29,0.15,54.8975,-28.3473
3.29125,0.06,54.8975,-28.3473
3.2925,0.06,54.8975,-28.3473
3.29375,0.06,54.8975,-28.3473
3.295,0.06,53.7618,-28.3473
3.29625,0.23,53.7618,-28.3473
3.2975,0.23,53.7618,-28.3473
3.29875,0.74,53.7618,-28.3473
3.3,0.74,53.7618,-28.3473
3.30125,0.57,53.7618,-28.3473
3.30125,0.57,53.7618,-28.3473
3.30125,0.57,53.7618,-28.3473
3.3025,0.57,53.7618,-28.3473
3.30375,0.49,53.7618,-28.3473
3.305,0.49,53.7618,-28.3473
3.30625,0.4,53.7618,-28.3473
3.3075,0.4,53.7618,-28.3473
3.30875,0.49,53.7618,-28.3473
3.31,0.49,53.7618,-28.3473
3.31125,0.4,53.7618,-28.3473
3.3125,0.4,53.7618,-28.3473
3.31375,0.32,53.7618,-28.3473
3.315,0.32,53.7618,-28.3473
3.31625,0.32,53.7618,-28.3473
3.3175,0.32,53.7618,-28.3473
3.31875,0.49,53.7618,-28.3473
3.32,0.49,53.7618,-28.3473
3.32125,0.57,53.7618,-28.3473
3.3225,0.57,53.7618,-28.3473
3.32375,0.49,53.7618,-28.3473
3.325,0.49,53.7618,-28.3473
3.32625,0.83,53.7618,-28.3473
3.3275,0.83,53.7618,-28.3473
3.32875,1.25,53.7618,-28.3473
3.33,1.25,53.7618,-28.3473
3.33125,0.32,53.7618,-28.3473
3.3325,0.32,53.7618,-28.3473
3.33375,0.15,53.7618,-28.3473
3.335,0.15,53.7618,-28.3473
3.33625,0.23,53.7618,-28.3473
3.3375,0.23,53.7618,-28.3473
3.33875,0.4,53.7618,-28.3473
3.34,0.4,53.7618,-28.3473
3.34125,0.23,53.7618,-28.3473
3.3425,0.23,53.7618,-28.3473
3.34375,0.15,53.7618,-28.3473
3.345,0.15,54.8975,-28.3473
3.34625,0.15,54.8975,-28.3473
3.3475,0.15,54.8975,-28.3473
3.34875,0.15,54.8975,-28.3473
3.35,0.15,54.8975,-28.3473
3.35125,0.15,54.8975,-28.3473
3.35125,0.15,54.8975,-28.3473
3.35125,0.15,54.8975,-28.3473
3.3525,0.15,54.8975,-28.3473
3.35375,0.15,54.8975,-28.3473
3.355,0.15,54.8975,-28.3473
3.35625,0.06,54.8975,-28.3473
3.3575,0.06,54.8975,-28.3473
3.35875,-0.02,54.8975,-28.3473
3.36,-0.02,54.8975,-28.3473
3.36125,-0.02,54.8975,-28.3473
3.3625,-0.02,54.8975,-28.3473
3.36375,-0.02,54.8975,-28.3473
3.365,-0.02,54.8975,-28.3473
3.36625,-0.19,54.8975,-28.3473
3.3675,-0.19,54.8975,-28.3473
3.36875,-0.11,54.8975,-28.3473
3.37,-0.11,54.8975,-28.3473
3.37125,-0.19,54.8975,-28.3473
3.3725,-0.19,54.8975,-28.3473
3.37375,-0.11,54.8975,-28.3473
3.375,-0.11,54.8975,-28.3473
3.37625,-0.19,54.8975,-28.3473
3.3775,-0.19,54.8975,-28.3473
3.37875,-0.19,54.8975,-28.3473
3.38,-0.19,54.8975,-28.3473
3.38125,-0.53,54.8975,-28.3473
3.3825,-0.53,54.8975,-28.3473
3.38375,-0.53,54.8975,-28.3473
3.385,-0.53,54.8975,-28.3473
3.38625,-0.53,54.8975,-28.3473
3.3875,-0.53,54.8975,-28.3473
3.38875,-0.45,54.8975,-28.3473
3.39,-0.45,54.8975,-28.3473
3.39125,-0.53,54.8975,-28.3473
3.3925,-0.53,54.8975,-28.3473
3.39375,-0.53,54.8975,-28.3473
3.395,-0.53,54.8975,-28.3473
3.39625,-0.79,54.8975,-28.3473
3.3975,-0.79,54.8975,-28.3473
3.39875,-0.71,54.8975,-28.3473
3.4,-0.71,54.8975,-28.3473
3.40125,-0.53,54.8975,-28.3473
3.40125,-0.53,54.8975,-28.3473
3.40125,-0.53,54.8975,-28.3473
3.4025,-0.53,54.8975,-28.3473
3.40375,-0.71,54.8975,-28.3473
3.405,-0.71,54.8975,-28.3473
3.40625,-0.71,54.8975,-28.3473
3.4075,-0.71,54.8975,-28.3473
3.40875,-0.88,54.8975,-28.3473
3.41,-0.88,54.8975,-28.3473
3.41125,-0.79,54.8975,-28.3473
3.4125,-0.79,54.8975,-28.3473
3.41375,-0.88,54.8975,-28.3473
3.415,-0.88,54.8975,-28.3473
3.41625,-0.96,54.8975,-28.3473
3.4175,-0.96,54.8975,-28.3473
3.41875,-0.88,54.8975,-28.3473
3.42,-0.88,54.8975,-28.3473
3.42125,-0.79,54.8975,-28.3473
3.4225,-0.79,54.8975,-28.3473
3.42375,-0.88,54.8975,-28.3473
3.425,-0.88,54.8975,-28.3473
3.42625,-0.88,54.8975,-28.3473
3.4275,-0.88,54.8975,-28.3473
3.42875,-0.88,54.8975,-28.3473
3.43,-0.88,54.8975,-28.3473
3.43125,-0.88,54.8975,-28.3473
3.4325,-0.88,54.8975,-28.3473
3.43375,-0.88,54.8975,-28.3473
3.435,-0.88,54.8975,-28.3473
3.43625,-1.22,54.8975,-28.3473
3.4375,-1.22,54.8975,-28.3473
3.43875,-1.13,54.8975,-28.3473
3.44,-1.13,54.8975,-28.3473
3.44125,-1.22,54.8975,-28.3473
3.4425,-1.22,54.8975,-28.3473
3.44375,-1.9,54.8975,-28.3473
3.445,-1.9,56.0331,-28.3473
3.44625,-2.24,56.0331,-28.3473
3.4475,-2.24,56.0331,-28.3473
3.44875,-2.67,56.0331,-28.3473
3.45,-2.67,56.0331,-28.3473
3.45125,-2.58,56.0331,-28.3473
3.45125,-2.58,56.0331,-28.3473
3.45125,-2.58,56.0331,-28.3473
3.4525,-2.58,56.0331,-28.3473
3.45375,-2.58,56.0331,-28.3473
3.455,-2.58,56.0331,-28.3473
3.45625,-2.5,56.0331,-28.3473
3.4575,-2.5,56.0331,-28.3473
3.45875,-2.24,56.0331,-28.3473
3.46,-2.24,56.0331,-28.3473
3.46125,-2.16,56.0331,-28.3473
3.4625,-2.16,56.0331,-28.3473
3.46375,-1.9,56.0331,-28.3473
3.465,-1.9,56.0331,-28.3473
3.46625,-1.9,56.0331,-28.3473
3.4675,-1.9,56.0331,-28.3473
3.46875,-1.47,56.0331,-28.3473
3.47,-1.47,56.0331,-28.3473
3.47125,-1.56,56.0331,-28.3473
3.4725,-1.56,56.0331,-28.3473
3.47375,-2.16,56.0331,-28.3473
3.475,-2.16,56.0331,-28.3473
3.47625,-2.16,56.0331,-28.3473
3.4775,-2.16,56.0331,-28.3473
3.47875,-2.5,56.0331,-28.3473
3.48,-2.5,56.0331,-28.3473
3.48125,-2.58,56.0331,-28.3473
3.4825,-2.58,56.0331,-28.3473
3.48375,-2.58,56.0331,-28.3473
3.485,-2.58,56.0331,-28.3473
3.48625,-2.58,56.0331,-28.3473
3.4875,-2.58,56.0331,-28.3473
3.48875,-2.41,56.0331,-28.3473
3.49,-2.41,56.0331,-28.3473
3.49125,-4.97,56.0331,-28.3473
3.4925,-4.97,56.0331,-28.3473
3.49375,-4.46,56.0331,-28.3473
3.495,-4.46,54.8975,-28.3473
3.49625,-4.71,54.8975,-28.3473
3.4975,-4.71,54.8975,-28.3473
3.49875,-3.35,54.8975,-28.3473
3.5,-3.35,54.8975,-28.3473
3.50125,-3.43,54.8975,-28.3473
3.50125,-3.43,54.8975,-28.3473
3.50125,-3.43,54.8975,-28.3473
3.5025,-3.43,54.8975,-28.3473
3.50375,-3.86,54.8975,-28.3473
3.505,-3.86,54.8975,-28.3473
3.50625,-3.01,54.8975,-28.3473
3.5075,-3.01,54.8975,-28.3473
3.50875,-2.5,54.8975,-28.3473
3.51,-2.5,54.8975,-28.3473
3.51125,-3.43,54.8975,-28.3473
3.5125,-3.43,54.8975,-28.3473
3.51375,-4.37,54.8975,-28.3473
3.515,-4.37,54.8975,-28.3473
3.51625,-3.86,54.8975,-28.3473
3.5175,-3.86,54.8975,-28.3473
3.51875,-4.88,54.8975,-28.3473
3.52,-4.88,54.8975,-28.3473
3.52125,-5.14,54.8975,-28.3473
3.5225,-5.14,54.8975,-28.3473
3.52375,-5.06,54.8975,-28.3473
3.525,-5.06,54.8975,-28.3473
3.52625,-4.8,54.8975,-28.3473
3.5275,-4.8,54.8975,-28.3473
3.52875,-3.43,54.8975,-28.3473
3.53,-3.43,54.8975,-28.3473
3.53125,-2.33,54.8975,-28.3473
3.5325,-2.33,54.8975,-28.3473
3.53375,-1.73,54.8975,-28.3473
3.535,-1.73,54.8975,-28.3473
3.53625,-1.47,54.8975,-28.3473
3.5375,-1.47,54.8975,-28.3473
3.53875,-1.22,54.8975,-28.3473
3.54,-1.22,54.8975,-28.3473
3.54125,-1.3,54.8975,-28.3473
3.5425,-1.3,54.8975,-28.3473
3.54375,-1.22,54.8975,-28.3473
3.545,-1.22,53.7618,-28.3473
3.54625,-1.22,53.7618,-28.3473
3.5475,-1.22,53.7618,-28.3473
3.54875,-1.05,53.7618,-28.3473
3.55,-1.05,53.7618,-28.3473
3.55125,-0.88,53.7618,-28.3473
3.55125,-0.88,53.7618,-28.3473
3.55125,-0.88,53.7618,-28.3473
3.5525,-0.88,53.7618,-28.3473
3.55375,-0.96,53.7618,-28.3473
3.555,-0.96,53.7618,-28.3473
3.55625,-0.88,53.7618,-28.3473
3.5575,-0.88,53.7618,-28.3473
3.55875,-0.88,53.7618,-28.3473
3.56,-0.88,53.7618,-28.3473
3.56125,-0.88,53.7618,-28.3473
3.5625,-0.88,53.7618,-28.3473
3.56375,-0.88,53.7618,-28.3473
3.565,-0.88,53.7618,-28.3473
3.56625,-0.79,53.7618,-28.3473
3.5675,-0.79,53.7618,-28.3473
3.56875,-0.53,53.7618,-28.3473
3.57,-0.53,53.7618,-28.3473
3.57125,-0.53,53.7618,-28.3473
3.5725,-0.53,53.7618,-28.3473
3.57375,-0.53,53.7618,-28.3473
3.575,-0.53,53.7618,-28.3473
3.57625,-0.53,53.7618,-28.3473
3.5775,-0.53,53.7618,-28.3473
3.57875,-0.53,53.7618,-28.3473
3.58,-0.53,53.7618,-28.3473
3.58125,-0.45,53.7618,-28.3473
3.5825,-0.45,53.7618,-28.3473
3.58375,-0.53,53.7618,-28.3473
3.585,-0.53,53.7618,-28.3473
3.58625,-0.45,53.7618,-28.3473
3.5875,-0.45,53.7618,-28.3473
3.58875,-0.19,53.7618,-28.3473
3.59,-0.19,53.7618,-28.3473
3.59125,-0.36,53.7618,-28.3473
3.5925,-0.36,53.7618,-28.3473
3.59375,-0.19,53.7618,-28.3473
3.595,-0.19,53.7618,-28.3473
3.59625,-0.19,53.7618,-28.3473
3.5975,-0.19,53.7618,-28.3473
3.59875,-0.19,53.7618,-28.3473
3.6,-0.19,53.7618,-28.3473
3.60125,-0.19,53.7618,-28.3473
3.60125,-0.19,53.7618,-28.3473
3.60125,-0.19,53.7618,-28.3473
3.6025,-0.19,53.7618,-28.3473
3.60375,-0.19,53.7618,-28.3473
3.605,-0.19,53.7618,-28.3473
3.60625,-0.19,53.7618,-28.3473
3.6075,-0.19,53.7618,-28.3473
3.60875,-0.11,53.7618,-28.3473
3.61,-0.11,53.7618,-28.3473
3.61125,-0.19,53.7618,-28.3473
3.6125,-0.19,53.7618,-28.3473
3.61375,-0.19,53.7618,-28.3473
3.615,-0.19,53.7618,-28.3473
3.61625,-0.19,53.7618,-28.3473
3.6175,-0.19,53.7618,-28.3473
3.61875,-0.02,53.7618,-28.3473
3.62,-0.02,53.7618,-28.3473
3.62125,-0.02,53.7618,-28.3473
3.6225,-0.02,53.7618,-28.3473
3.62375,0.06,53.7618,-28.3473
3.625,0.06,53.7618,-28.3473
3.62625,-0.02,53.7618,-28.3473
3.6275,-0.02,53.7618,-28.3473
3.62875,-0.02,53.7618,-28.3473
3.63,-0.02,53.7618,-28.3473
3.63125,0.06,53.7618,-28.3473
3.6325,0.06,53.7618,-28.3473
3.63375,0.06,53.7618,-28.3473
3.635,0.06,53.7618,-28.3473
3.63625,0.06,53.7618,-28.3473
3.6375,0.06,53.7618,-28.3473
3.63875,0.15,53.7618,-28.3473
3.64,0.15,53.7618,-28.3473
3.64125,0.06,53.7618,-28.3473
3.6425,0.06,53.7618,-28.3473
3.64375,0.06,53.7618,-28.3473
3.645,0.06,52.6262,-28.3473
3.64625,0.06,52.6262,-28.3473
3.6475,0.06,52.6262,-28.3473
3.64875,0.06,52.6262,-28.3473
3.65,0.06,52.6262,-28.3473
3.65125,0.06,52.6262,-28.3473
3.65125,0.06,52.6262,-28.3473
3.65125,0.06,52.6262,-28.3473
3.6525,0.06,52.6262,-28.3473
3.65375,-0.02,52.6262,-28.3473
3.655,-0.02,52.6262,-28.3473
3.65625,0.06,52.6262,-28.3473
3.6575,0.06,52.6262,-28.3473
3.65875,0.06,52.6262,-28.3473
3.66,0.06,52.6262,-28.3473
3.66125,-0.02,52.6262,-28.3473
3.6625,-0.02,52.6262,-28.3473
3.66375,-0.02,52.6262,-28.3473
3.665,-0.02,52.6262,-28.3473
3.66625,0.06,52.6262,-28.3473
3.6675,0.06,52.6262,-28.3473
3.66875,-0.02,52.6262,-28.3473
3.67,-0.02,52.6262,-28.3473
3.67125,-0.02,52.6262,-28.3473
3.6725,-0.02,52.6262,-28.3473
3.67375,-0.02,52.6262,-28.3473
3.675,-0.02,52.6262,-28.3473
3.67625,-0.11,52.6262,-28.3473
3.6775,-0.11,52.6262,-28.3473
3.67875,-0.19,52.6262,-28.3473
3.68,-0.19,52.6262,-28.3473
3.68125,-0.11,52.6262,-28.3473
3.6825,-0.11,52.6262,-28.3473
3.68375,-0.19,52.6262,-28.3473
3.685,-0.19,52.6262,-28.3473
3.68625,-0.19,52.6262,-28.3473
3.6875,-0.19,52.6262,-28.3473
3.68875,-0.19,52.6262,-28.3473
3.69,-0.19,52.6262,-28.3473
3.69125,-0.28,52.6262,-28.3473
3.6925,-0.28,52.6262,-28.3473
3.69375,-0.19,52.6262,-28.3473
3.695,-0.19,56.0331,-28.3473
3.69625,-0.28,56.0331,-28.3473
3.6975,-0.28,56.0331,-28.3473
3.69875,-0.28,56.0331,-28.3473
3.7,-0.28,56.0331,-28.3473
3.70125,-0.36,56.0331,-28.3473
3.70125,-0.36,56.0331,-28.3473
3.70125,-0.36,56.0331,-28.3473
3.7025,-0.36,56.0331,-28.3473
3.70375,-0.36,56.0331,-28.3473
3.705,-0.36,56.0331,-28.3473
3.70625,-0.36,56.0331,-28.3473
3.7075,-0.36,56.0331,-28.3473
3.70875,-0.45,56.0331,-28.3473
3.71,-0.45,56.0331,-28.3473
3.71125,-0.45,56.0331,-28.3473
3.7125,-0.45,56.0331,-28.3473
3.71375,-0.45,56.0331,-28.3473
3.715,-0.45,56.0331,-28.3473
3.71625,-0.45,56.0331,-28.3473
3.7175,-0.45,56.0331,-28.3473
3.71875,-0.53,56.0331,-28.3473
3.72,-0.53,56.0331,-28.3473
3.72125,-0.53,56.0331,-28.3473
3.7225,-0.53,56.0331,-28.3473
3.72375,-0.53,56.0331,-28.3473
3.725,-0.53,56.0331,-28.3473
3.72625,-0.53,56.0331,-28.3473
3.7275,-0.53,56.0331,-28.3473
3.72875,-0.53,56.0331,-28.3473
3.73,-0.53,56.0331,-28.3473
3.73125,-0.53,56.0331,-28.3473
3.7325,-0.53,56.0331,-28.3473
3.73375,-0.53,56.0331,-28.3473
3.735,-0.53,56.0331,-28.3473
3.73625,-0.53,56.0331,-28.3473
3.7375,-0.53,56.0331,-28.3473
3.73875,-0.53,56.0331,-28.3473
3.74,-0.53,56.0331,-28.3473
3.74125,-0.62,56.0331,-28.3473
3.7425,-0.62,56.0331,-28.3473
3.74375,-0.62,56.0331,-28.3473
3.745,-0.62,57.1774,-28.3473
3.74625,-0.79,57.1774,-28.3473
3.7475,-0.79,57.1774,-28.3473
3.74875,-0.79,57.1774,-28.3473
3.75,-0.79,57.1774,-28.3473
3.75125,-0.79,57.1774,-28.3473
3.75125,-0.79,57.1774,-28.3473
3.75125,-0.79,57.1774,-28.3473
3.7525,-0.79,57.1774,-28.3473
3.75375,-0.62,57.1774,-28.3473
3.755,-0.62,57.1774,-28.3473
3.75625,-0.79,57.1774,-28.3473
3.7575,-0.79,57.1774,-28.3473
3.75875,-0.79,57.1774,-28.3473
3.76,-0.79,57.1774,-28.3473
3.76125,-0.79,57.1774,-28.3473
3.7625,-0.79,57.1774,-28.3473
3.76375,-0.88,57.1774,-28.3473
3.765,-0.88,57.1774,-28.3473
3.76625,-0.88,57.1774,-28.3473
3.7675,-0.88,57.1774,-28.3473
3.76875,-0.88,57.1774,-28.3473
3.77,-0.88,57.1774,-28.3473
3.77125,-0.79,57.1774,-28.3473
3.7725,-0.79,57.1774,-28.3473
3.77375,-0.88,57.1774,-28.3473
3.775,-0.88,57.1774,-28.3473
3.77625,-0.79,57.1774,-28.3473
3.7775,-0.79,57.1774,-28.3473
3.77875,-0.88,57.1774,-28.3473
3.78,-0.88,57.1774,-28.3473
3.78125,-0.88,57.1774,-28.3473
3.7825,-0.88,57.1774,-28.3473
3.78375,-0.79,57.1774,-28.3473
3.785,-0.79,57.1774,-28.3473
3.78625,-0.88,57.1774,-28.3473
3.7875,-0.88,57.1774,-28.3473
3.78875,-0.88,57.1774,-28.3473
3.79,-0.88,57.1774,-28.3473
3.79125,-0.88,57.1774,-28.3473
3.7925,-0.88,57.1774,-28.3473
3.79375,-0.88,57.1774,-28.3473
3.795,-0.88,56.0331,-28.3473
3.79625,-0.88,56.0331,-28.3473
3.7975,-0.88,56.0331,-28.3473
3.79875,-0.88,56.0331,-28.3473
3.8,-0.88,56.0331,-28.3473
3.80125,-0.45,56.0331,-28.3473
3.80125,-0.45,56.0331,-28.3473
3.80125,-0.45,56.0331,-28.3473
3.8025,-0.45,56.0331,-28.3473
3.80375,-0.45,56.0331,-28.3473
3.805,-0.45,56.0331,-28.3473
3.80625,-0.53,56.0331,-28.3473
3.8075,-0.53,56.0331,-28.3473
3.80875,-0.53,56.0331,-28.3473
3.81,-0.53,56.0331,-28.3473
3.81125,-0.36,56.0331,-28.3473
3.8125,-0.36,56.0331,-28.3473
3.81375,-0.53,56.0331,-28.3473
3.815,-0.53,56.0331,-28.3473
3.81625,-2.16,56.0331,-28.3473
3.8175,-2.16,56.0331,-28.3473
3.81875,-1.3,56.0331,-28.3473
3.82,-1.3,56.0331,-28.3473
3.82125,-1.9,56.0331,-28.3473
3.8225,-1.9,56.0331,-28.3473
3.82375,-1.22,56.0331,-28.3473
3.825,-1.22,56.0331,-28.3473
3.82625,-1.47,56.0331,-28.3473
3.8275,-1.47,56.0331,-28.3473
3.82875,-1.73,56.0331,-28.3473
3.83,-1.73,56.0331,-28.3473
3.83125,0.23,56.0331,-28.3473
3.8325,0.23,56.0331,-28.3473
3.83375,0.23,56.0331,-28.3473
3.835,0.23,56.0331,-28.3473
3.83625,-1.3,56.0331,-28.3473
3.8375,-1.3,56.0331,-28.3473
3.83875,-0.88,56.0331,-28.3473
3.84,-0.88,56.0331,-28.3473
3.84125,-1.3,56.0331,-28.3473
3.8425,-1.3,56.0331,-28.3473
3.84375,-1.13,56.0331,-28.3473
3.845,-1.13,56.0331,-28.3473
3.84625,-1.56,56.0331,-28.3473
3.8475,-1.56,56.0331,-28.3473
3.84875,-2.16,56.0331,-28.3473
3.85,-2.16,56.0331,-28.3473
3.85125,-2.67,56.0331,-28.3473
3.85125,-2.67,56.0331,-28.3473
3.85125,-2.67,56.0331,-28.3473
3.8525,-2.67,56.0331,-28.3473
3.85375,-3.01,56.0331,-28.3473
3.855,-3.01,56.0331,-28.3473
3.85625,-0.19,56.0331,-28.3473
3.8575,-0.19,56.0331,-28.3473
3.85875,-3.52,56.0331,-28.3473
3.86,-3.52,56.0331,-28.3473
3.86125,-3.52,56.0331,-28.3473
3.8625,-3.52,56.0331,-28.3473
3.86375,-3.43,56.0331,-28.3473
3.865,-3.43,56.0331,-28.3473
3.86625,-3.35,56.0331,-28.3473
3.8675,-3.35,56.0331,-28.3473
3.86875,-3.01,56.0331,-28.3473
3.87,-3.01,56.0331,-28.3473
3.87125,-3.52,56.0331,-28.3473
3.8725,-3.52,56.0331,-28.3473
3.87375,-4.12,56.0331,-28.3473
3.875,-4.12,56.0331,-28.3473
3.87625,-5.14,56.0331,-28.3473
3.8775,-5.14,56.0331,-28.3473
3.87875,-6.76,56.0331,-28.3473
3.88,-6.76,56.0331,-28.3473
3.88125,-5.4,56.0331,-28.3473
3.8825,-5.4,56.0331,-28.3473
3.88375,-3.86,56.0331,-28.3473
3.885,-3.86,56.0331,-28.3473
3.88625,-4.03,56.0331,-28.3473
3.8875,-4.03,56.0331,-28.3473
3.88875,-3.95,56.0331,-28.3473
3.89,-3.95,56.0331,-28.3473
3.89125,-4.37,56.0331,-28.3473
3.8925,-4.37,56.0331,-28.3473
3.89375,-4.12,56.0331,-28.3473
3.895,-4.12,54.8975,-28.3473
3.89625,-3.52,54.8975,-28.3473
3.8975,-3.52,54.8975,-28.3473
3.89875,-3.18,54.8975,-28.3473
3.9,-3.18,54.8975,-28.3473
3.90125,-3.01,54.8975,-28.3473
3.90125,-3.01,54.8975,-28.3473
3.90125,-3.01,54.8975,-28.3473
3.9025,-3.01,54.8975,-28.3473
3.90375,-3.61,54.8975,-28.3473
3.905,-3.61,54.8975,-28.3473
3.90625,-2.84,54.8975,-28.3473
3.9075,-2.84,54.8975,-28.3473
3.90875,-2.33,54.8975,-28.3473
3.91,-2.33,54.8975,-28.3473
3.91125,-2.16,54.8975,-28.3473
3.9125,-2.16,54.8975,-28.3473
3.91375,-2.24,54.8975,-28.3473
3.915,-2.24,54.8975,-28.3473
3.91625,-2.24,54.8975,-28.3473
3.9175,-2.24,54.8975,-28.3473
3.91875,-2.24,54.8975,-28.3473
3.92,-2.24,54.8975,-28.3473
3.92125,-2.24,54.8975,-28.3473
3.9225,-2.24,54.8975,-28.3473
3.92375,-2.16,54.8975,-28.3473
3.925,-2.16,54.8975,-28.3473
3.92625,-1.98,54.8975,-28.3473
3.9275,-1.98,54.8975,-28.3473
3.92875,-2.16,54.8975,-28.3473
3.93,-2.16,54.8975,-28.3473
3.93125,-2.16,54.8975,-28.3473
3.9325,-2.16,54.8975,-28.3473
3.93375,-1.73,54.8975,-28.3473
3.935,-1.73,54.8975,-28.3473
3.93625,-1.73,54.8975,-28.3473
3.9375,-1.73,54.8975,-28.3473
3.93875,-1.64,54.8975,-28.3473
3.94,-1.64,54.8975,-28.3473
3.94125,-1.81,54.8975,-28.3473
3.9425,-1.81,54.8975,-28.3473
3.94375,-1.98,54.8975,-28.3473
3.945,-1.98,50.3463,-28.3473
3.94625,-2.16,50.3463,-28.3473
3.9475,-2.16,50.3463,-28.3473
3.94875,-2.24,50.3463,-28.3473
3.95,-2.24,50.3463,-28.3473
3.95125,-2.16,50.3463,-28.3473
3.95125,-2.16,50.3463,-28.3473
3.95125,-2.16,50.3463,-28.3473
3.9525,-2.16,50.3463,-28.3473
3.95375,-2.5,50.3463,-28.3473
3.955,-2.5,50.3463,-28.3473
3.95625,-2.67,50.3463,-28.3473
3.9575,-2.67,50.3463,-28.3473
3.95875,-2.58,50.3463,-28.3473
3.96,-2.58,50.3463,-28.3473
3.96125,-2.67,50.3463,-28.3473
3.9625,-2.67,50.3463,-28.3473
3.96375,-2.58,50.3463,-28.3473
3.965,-2.58,50.3463,-28.3473
3.96625,-2.92,50.3463,-28.3473
3.9675,-2.92,50.3463,-28.3473
3.96875,-3.18,50.3463,-28.3473
3.97,-3.18,50.3463,-28.3473
3.97125,-3.01,50.3463,-28.3473
3.9725,-3.01,50.3463,-28.3473
3.97375,-2.92,50.3463,-28.3473
3.975,-2.92,50.3463,-28.3473
3.97625,-2.67,50.3463,-28.3473
3.9775,-2.67,50.3463,-28.3473
3.97875,-3.18,50.3463,-28.3473
3.98,-3.18,50.3463,-28.3473
3.98125,-3.09,50.3463,-28.3473
3.9825,-3.09,50.3463,-28.3473
3.98375,-3.26,50.3463,-28.3473
3.985,-3.26,50.3463,-28.3473
3.98625,-3.18,50.3463,-28.3473
3.9875,-3.18,50.3463,-28.3473
3.98875,-3.09,50.3463,-28.3473
3.99,-3.09,50.3463,-28.3473
3.99125,-3.09,50.3463,-28.3473
3.9925,-3.09,50.3463,-28.3473
3.99375,-2.67,50.3463,-28.3473
3.995,-2.67,51.4906,-28.3473
3.99625,-2.41,51.4906,-28.3473
3.9975,-2.41,51.4906,-28.3473
3.99875,-2.24,51.4906,-28.3473
4,-2.24,51.4906,-28.3473
4.00125,-2.24,51.4906,-28.3473
4.00125,-2.24,51.4906,-28.3473
