0,0
2,-3.85E-84
4,-2.96E-81
6,2.86E-78
8,-2.34E-76
10,-2.05E-75
12,8.11E-74
14,4.77E-73
16,-2.86E-71
18,-5.32E-71
20,-1.13E-70
22,-4.78E-70
24,-3.52E-70
26,-2.72E-69
28,-2.15E-69
30,-1.02E-68
32,-2.15E-68
34,-3.64E-68
36,-2.16E-67
38,-1.52E-67
40,9.83E-68
42,-2.01E-67
44,5.09E-67
46,-6.85E-67
48,3.68E-67
50,2.29E-67
52,6.75E-66
54,3.30E-64
56,6.14E-62
58,3.31E-60
60,1.21E-58
62,3.60E-57
64,1.31E-55
66,9.09E-54
68,2.71E-52
70,6.27E-51
72,1.25E-49
74,4.51E-48
76,1.37E-46
78,2.70E-45
80,4.45E-44
82,6.53E-43
84,1.97E-41
86,3.70E-40
88,5.33E-39
90,6.68E-38
92,8.43E-37
94,1.85E-35
96,2.48E-34
98,2.75E-33
100,2.74E-32
102,3.60E-31
104,4.91E-30
106,5.02E-29
108,4.46E-28
110,3.63E-27
112,4.38E-26
114,4.32E-25
116,3.51E-24
118,2.56E-23
120,1.78E-22
122,1.83E-21
124,1.40E-20
126,9.33E-20
128,5.69E-19
130,3.93E-18
132,2.93E-17
134,1.81E-16
136,1.00E-15
138,5.17E-15
140,3.27E-14
142,1.90E-13
144,9.70E-13
146,4.54E-12
148,2.00E-11
150,1.11E-10
152,5.25E-10
154,2.24E-09
156,8.90E-09
158,3.67E-08
160,1.61E-07
162,6.25E-07
164,2.25E-06
166,7.62E-06
168,2.80E-05
170,9.92E-05
172,3.22E-04
174,9.79E-04
176,0.002828924
178,0.008961001
180,0.026018384
182,0.070553093
184,0.181108268
186,0.458417599
188,1.175146104
190,2.806735447
192,6.3318066
194,13.59726358
196,29.10447303
198,60.13599043
200,117.2532526
202,217.216548
204,383.886215
206,667.6800081
208,1099.715319
210,1718.303875
212,2554.208857
214,3625.041976
216,4912.53982
218,6310.632483
220,7698.663683
222,8931.16048
224,9828.504026
226,10273.81435
228,10249.50253
230,9771.431206
232,8889.305412
234,7619.024147
236,6049.051017
238,4228.015625
240,2227.954686
242,174.7826784
244,-1724.915863
246,-3296.304106
248,-4407.132047
250,-4974.149946
252,-4895.160047
254,-4126.304347
256,-2687.469913
258,-602.8628121
260,2035.685372
262,5103.35337
264,8342.680724
266,11531.25618
268,14424.09369
270,16727.46135
272,18072.25451
274,18394.13075
276,17663.50289
278,15938.24565
280,13276.3547
282,9866.953309
284,5988.25881
286,1881.761931
288,-2203.642195
290,-5945.906332
292,-9058.059861
294,-11287.04291
296,-12448.32471
298,-12455.36916
300,-11244.52303
302,-9077.589975
304,-6100.914685
306,-2501.311669
308,1497.309532
310,5569.766664
312,9384.278324
314,12647.38202
316,15122.93215
318,16536.51275
320,16869.2688
322,16116.82995
324,14309.14182
326,11560.99953
328,8027.157705
330,4077.571972
332,-25.03493587
334,-4002.388473
336,-7529.061689
338,-10287.09103
340,-12126.22336
342,-12928.15773
344,-12646.49281
346,-11183.77981
348,-8715.268983
350,-5459.598348
352,-1660.658267
354,2411.378901
356,6455.430393
358,10204.43219
360,13345.45961
362,15634.12861
364,17007.98324
366,17259.8552
368,16413.85134
370,14594.88163
372,11804.96165
374,8339.11978
376,4447.622339
378,362.1553092
380,-3601.882
382,-7192.573694
384,-10038.12237
386,-12070.46209
388,-13134.8542
390,-13002.76217
392,-11858.86242
394,-9728.675739
396,-6690.976337
398,-3061.903568
400,949.3978315
402,5048.914952
404,8957.473482
406,12370.99288
408,15039.29713
410,16848.5343
412,17550.05141
414,17158.50063
416,15762.76692
418,13317.20848
420,10108.47372
422,6362.977217
424,2279.377929
426,-1807.477492
428,-5556.850787
430,-8773.294906
432,-11073.39087
434,-12455.53406
436,-12618.90796
438,-11758.58157
440,-9740.352642
442,-6897.421966
444,-3305.835503
446,665.8808688
448,4757.854545
450,8669.214468
452,12040.12396
454,14725.40696
456,16370.95249
458,17028.08191
460,16458.45609
462,14891.25252
464,12278.51639
466,8960.185775
468,5086.849901
470,1008.980158
472,-2970.315328
474,-6592.398807
476,-9492.924715
478,-11353.84222
480,-12421.49002
482,-12455.81302
484,-11204.82073
486,-9095.305827
488,-6156.432149
490,-2583.049327
492,1363.720358
494,5365.637309
496,9124.199345
498,12395.71107
500,14907.79363
502,16313.25031
504,16812.82252
506,16338.87949
508,14770.727
510,12186.46074
512,8809.523383
514,4971.621353
516,900.94197
518,-3080.568369
520,-6648.45042
522,-9559.949011
524,-11590.40715
526,-12545.07165
528,-12448.48481
530,-11156.35797
532,-8948.036997
534,-5813.630269
536,-2128.488534
538,1892.691418
540,5927.729011
542,9663.31977
544,12813.86351
546,15177.22712
548,16482.35679
550,16784.60757
552,15843.48524
554,13950.31631
556,11086.48369
558,7572.864481
560,3633.81507
562,-422.1590233
564,-4284.095935
566,-7633.318644
568,-10282.91499
570,-11891.20565
572,-12518.38217
574,-11911.04356
576,-10296.64395
578,-7682.88764
580,-4332.152683
582,-493.5506661
584,3543.12115
586,7461.620018
588,10921.14322
590,13748.28108
592,15552.45843
594,16386.61864
596,16020.91829
598,14600.72412
600,12176.36958
602,8946.401611
604,5189.746544
606,1167.327504
608,-2780.301568
610,-6398.920413
612,-9337.875792
614,-11283.49125
616,-12308.79828
618,-12311.68855
620,-11185.69226
622,-8993.810356
624,-5938.291186
626,-2222.692452
628,1809.511083
630,5856.426933
632,9621.501788
634,12728.07534
636,15028.4579
638,16242.82834
640,16346.73656
642,15298.02758
644,13174.12808
646,10178.91332
648,6491.797428
650,2458.187772
652,-1621.475935
654,-5433.797897
656,-8612.034201
658,-10961.42022
660,-12215.3893
662,-12285.59993
664,-11146.44327
666,-8806.736456
668,-5499.179597
670,-1347.727702
672,3261.132573
674,8038.310094
676,12606.06563
678,16565.83761
680,19620.37626
682,21455.09286
684,21848.58111
686,20759.0054
688,18079.61397
690,14125.7248
692,8989.190865
694,3223.746637
696,-2775.084775
698,-8472.145298
700,-13347.8583
702,-16997.14988
704,-19121.4753
706,-19491.26999
708,-18226.54149
710,-15269.56821
712,-11071.36425
714,-5731.920581
716,228.1793382
718,6505.760455
720,12653.47712
722,18241.90183
724,22810.94768
726,26013.81202
728,27395.34729
730,26976.0959
732,24430.02067
734,20225.12564
736,14397.61983
738,7582.590403
740,189.2545924
742,-7178.498285
744,-13994.16386
746,-19741.56365
748,-23579.84885
750,-25776.15226
752,-25869.94886
754,-23611.72654
756,-19357.95841
758,-13720.29941
760,-7055.695074
762,215.2594233
764,7581.199382
766,14478.30874
768,20488.44218
770,25182.63403
772,27804.5219
774,28865.60718
776,27787.12036
778,24509.32022
780,19730.23541
782,13679.49598
784,6760.875604
786,-554.3267417
788,-7581.777803
790,-13838.41947
792,-18820.60811
794,-21980.31489
796,-23642.86418
798,-23266.81291
800,-20772.52107
802,-16607.66475
804,-11149.95363
806,-4515.760866
808,2679.636338
810,9832.997343
812,16359.16685
814,21856.78842
816,25955.73056
818,28005.06491
820,28225.24429
822,26593.02281
824,23202.45827
826,18244.29981
828,11848.7117
830,4808.751534
832,-2417.367243
834,-9320.105825
836,-15301.85793
838,-19797.72537
840,-22852.97031
842,-23916.56451
844,-22812.62702
846,-19880.47676
848,-15345.04121
850,-9582.043409
852,-2774.926299
854,4488.087218
856,11596.92224
858,18017.73327
860,23251.03424
862,26764.59046
864,28392.90151
866,28074.83304
868,25842.66742
870,21853.41891
872,16445.46866
874,9856.293692
876,2576.951724
878,-4710.70481
880,-11468.09884
882,-17089.19022
884,-21294.55174
886,-23719.15654
888,-24172.48029
890,-22621.19242
892,-19189.88933
894,-14143.46777
896,-7933.831629
898,-788.8124006
900,6582.064416
902,13631.30039
904,19695.82806
906,24269.78244
908,27196.9162
910,28012.04583
912,26958.78139
914,24126.29667
916,19708.16456
918,14024.28589
920,7285.514043
922,145.282883
924,-6832.392606
926,-13152.90492
928,-18236.01262
930,-21797.73468
932,-23542.93946
934,-23352.64235
936,-21249.31698
938,-17391.57337
940,-12065.57776
942,-5715.493036
944,1377.178256
946,8522.864526
948,15208.59642
950,20850.20737
952,25112.67996
954,27630.90332
956,28212.64409
958,26815.03519
960,23544.00071
962,18644.2078
964,12502.46654
966,5501.575759
968,-1754.391224
970,-8732.607317
972,-14884.68552
974,-19817.8208
976,-23095.6605
978,-24362.61951
980,-23631.17903
982,-20969.39551
984,-16586.24888
986,-10897.52535
988,-4078.761546
990,3191.516024
992,10399.77874
994,16879.73718
996,22163.22183
998,25909.71176
1000,27839.73825
1002,27804.01419
1004,25810.29985
1006,22011.32676
1008,16698.78222
1010,10197.87442
1012,3111.487353
1014,-4120.98328
1016,-10883.37766
1018,-16463.44199
1020,-20750.82255
1022,-23310.35891
1024,-23945.99861
1026,-22606.53203
1028,-19391.49027
1030,-14552.92797
1032,-8370.326921
1034,-1411.382161
1036,5843.18909
1038,12802.34477
1040,18983.4577
1042,23692.96459
1044,26876.71955
1046,28187.87333
1048,27524.18613
1050,24923.60839
1052,20555.06237
1054,14614.8769
1056,7728.848935
1058,417.3812371
1060,-6796.819324
1062,-13287.32945
1064,-18620.24002
1066,-22378.731
1068,-24269.58196
1070,-24139.22328
1072,-21988.5987
1074,-17950.36409
1076,-12397.02649
1078,-5729.80943
1080,1512.862285
1082,8814.770151
1084,15588.36957
1086,21179.4187
1088,25389.25172
1090,27801.63938
1092,28217.52128
1094,26591.6236
1096,22936.69942
1098,17672.16346
1100,11253.83412
1102,4057.12222
1104,-3318.004146
1106,-10317.33775
1108,-16372.5643
1110,-20741.77949
1112,-23572.62474
1114,-24462.14179
1116,-23331.93895
1118,-20214.73325
1120,-15228.82527
1122,-9009.992225
1124,-1801.476164
1126,5759.742084
1128,13112.65386
1130,19688.42621
1132,24879.61531
1134,28514.04458
1136,30187.32983
1138,29493.7644
1140,26654.69765
1142,21886.08039
1144,15523.62497
1146,8078.654534
1148,-189.5354261
1150,-8489.811669
1152,-16184.22322
1154,-22456.61752
1156,-26969.31817
1158,-29398.15847
1160,-29518.69937
1162,-27163.99108
1164,-22590.21553
1166,-16119.28496
1168,-8282.827239
1170,450.4135761
1172,9411.262871
1174,17848.52449
1176,25120.51396
1178,30623.85355
1180,34022.78092
1182,34780.91884
1184,33120.26756
1186,29171.26255
1188,23202.48805
1190,15658.51171
1192,6808.950684
1194,-2589.664251
1196,-11848.24725
1198,-20307.62916
1200,-27035.08772
1202,-31926.3413
1204,-34424.05232
1206,-34272.81021
1208,-31408.02233
1210,-25975.49604
1212,-18342.53968
1214,-8907.963507
1216,1348.175779
1218,11732.65174
1220,21323.90073
1222,29393.94556
1224,35067.51893
1226,38372.10524
1228,38952.91771
1230,36792.32814
1232,32063.78102
1234,25115.93029
1236,16465.66568
1238,6598.714158
1240,-3618.056221
1242,-13405.77201
1244,-22076.92422
1246,-28771.40914
1248,-33265.13434
1250,-35129.75622
1252,-34229.39301
1254,-30615.89009
1256,-24526.36226
1258,-16436.23201
1260,-6724.787923
1262,3746.973354
1264,14124.43656
1266,23554.04908
1268,31056.20314
1270,36419.6257
1272,39162.54862
1274,39127.43045
1276,36354.85963
1278,31060.05763
1280,23612.11801
1282,14603.073
1284,4379.398212
1286,-6091.356757
1288,-15944.42445
1290,-24281.75294
1292,-30485.62998
1294,-34175.85736
1296,-35089.60485
1298,-33185.67497
1300,-28628.92501
1302,-21768.0691
1304,-13154.04385
1306,-3253.159622
1308,7129.511526
1310,17182.63078
1312,25967.98362
1314,33008.98568
1316,37694.73758
1318,39673.08575
1320,38804.25186
1322,35163.97992
1324,29031.59557
1326,20868.98933
1328,11319.57613
1330,935.1179397
1332,-9378.642198
1334,-18802.30257
1336,-26668.0066
1338,-32348.75685
1340,-35398.06062
1342,-35576.74678
1344,-32877.98143
1346,-27526.86164
1348,-19949.75962
1350,-10759.60453
1352,-494.0012949
1354,9993.451969
1356,19824.22475
1358,28337.45332
1360,34853.41997
1362,38872.45727
1364,40103.30482
1366,38480.90252
1368,34153.67463
1370,27453.86222
1372,18868.74114
1374,9033.569047
1376,-1465.424897
1378,-11716.47359
1380,-20886.75902
1382,-28285.61627
1384,-33263.82389
1386,-35576.99639
1388,-34700.84776
1390,-31293.02465
1392,-26070.23745
1394,-18169.3632
1396,-8801.383015
1398,1604.125689
1400,12025.1651
1402,21565.18093
1404,29706.51639
1406,35798.67572
1408,39381.10969
1410,39878.33652
1412,36837.92867
1414,32835.68011
1416,25740.74497
1418,16878.32519
1420,6755.919378
1422,-3720.463846
1424,-13673.92962
1426,-22449.827
1428,-29394.52801
1430,-33993.28945
1432,-35894.47594
1434,-33856.31764
1436,-30941.50654
1438,-24746.51912
1440,-16396.95761
1442,-6634.817614
1444,3782.823244
1446,14077.22318
1448,23163.87498
1450,30634.62338
1452,35915.77645
1454,38614.65104
1456,38529.26192
1458,35665.46107
1460,30232.78421
1462,22605.93726
1464,13348.15339
1466,3196.051627
1468,-7052.99975
1470,-16545.73688
1472,-24634.67704
1474,-30716.36535
1476,-34326.88874
1478,-35182.24438
1480,-33211.93815
1482,-28568.81296
1484,-21615.00659
1486,-12939.60864
1488,-3020.238728
1490,7317.17328
1492,17234.01958
1494,25841.63548
1496,32687.45008
1498,37203.22144
1500,39050.99105
1502,38038.54462
1504,34171.36301
1506,27863.29361
1508,19625.41767
1510,10029.38374
1512,-252.842045
1514,-10385.89262
1516,-19456.93729
1518,-26981.25726
1520,-32297.28818
1522,-34989.38851
1524,-34847.05123
1526,-31876.01445
1528,-26225.35117
1530,-18359.74719
1532,-8966.302371
1534,1335.244351
1536,11718.34591
1538,21302.42019
1540,29405.93912
1542,35390.56512
1544,38802.43102
1546,39387.54206
1548,37109.46394
1550,32150.32843
1552,24889.49677
1554,15931.73386
1556,5734.162637
1558,-4800.686603
1560,-14865.80577
1562,-23532.67988
1564,-30295.10809
1566,-34565.96511
1568,-36011.16041
1570,-34510.49048
1572,-30168.17521
1574,-23307.08151
1576,-14445.99127
1578,-4261.365394
1580,6556.417375
1582,17102.05257
1584,26543.83797
1586,34190.07289
1588,39413.34555
1590,41790.13665
1592,41051.16059
1594,37301.07615
1596,30827.31244
1598,22098.61256
1600,11731.39469
1602,452.3898314
1604,-10907.65209
1606,-21441.34211
1608,-30195.85468
1610,-36661.00666
1612,-40272.2529
1614,-40720.25758
1616,-37937.82687
1618,-32099.66992
1620,-23607.33442
1622,-13169.52677
1624,-1215.881161
1626,11156.36856
1628,22991.87256
1630,33299.76466
1632,41324.49464
1634,46436.209
1636,48213.36861
1638,46487.65739
1640,41360.22186
1642,33187.11083
1644,22562.59277
1646,10147.79613
1648,-2977.271819
1650,-15886.01544
1652,-27419.22364
1654,-36808.93947
1656,-43314.17203
1658,-46432.77455
1660,-45922.69105
1662,-41820.67534
1664,-34431.75412
1666,-24300.48222
1668,-12196.07379
1670,1178.068587
1672,14737.08845
1674,27486.56956
1676,38236.10673
1678,46482.77048
1680,51442.06481
1682,52702.68898
1684,50131.84534
1686,43892.94533
1688,34436.56776
1690,22467.27193
1692,8893.391485
1694,-5389.896468
1696,-19106.66625
1698,-30933.55104
1700,-40279.58957
1702,-46344.84439
1704,-48688.43061
1706,-47165.22191
1708,-41929.17076
1710,-33406.82396
1712,-22256.66103
1714,-9378.6447
1716,4554.110295
1718,18280.17445
1720,30763.36698
1722,41035.62938
1724,48321.85474
1726,52069.75108
1728,51998.57187
1730,48118.62973
1732,40733.66016
1734,30414.36807
1736,17986.26354
1738,4204.374011
1740,-9791.627037
1742,-22851.55561
1744,-34077.04733
1746,-42551.8223
1748,-47625.87665
1750,-48918.41168
1752,-46340.456
1754,-40098.97894
1756,-30675.07658
1758,-18784.64918
1760,-5323.004976
1762,8832.946705
1764,22482.11388
1766,34348.65536
1768,43877.64184
1770,50243.07774
1772,52940.06879
1774,51735.80609
1776,46700.47016
1778,38208.20433
1780,26911.44995
1782,13681.50615
1784,-537.3885552
1786,-14554.00565
1788,-27262.32468
1790,-37612.64216
1792,-44989.27666
1794,-48870.50655
1796,-48964.64478
1798,-44226.59008
1800,-38137.63055
1802,-27677.63085
1804,-14912.84993
1806,-776.1586743
1808,13561.65255
1810,26862.43368
1812,38244.48614
1814,46891.87533
1816,52186.64918
1818,53740.26069
1820,51421.39308
1822,45375.17984
1824,36027.24594
1826,24045.11967
1828,10258.64277
1830,-4120.199306
1832,-17968.82994
1834,-30012.18184
1836,-39739.23427
1838,-46325.44334
1840,-49287.80968
1842,-48401.82051
1844,-42317.15616
1846,-35557.15908
1848,-24614.66826
1850,-11629.37679
1852,2533.035821
1854,16656.04013
1856,29477.24303
1858,40268.70399
1860,48194.42646
1862,52674.12451
1864,53378.2677
1866,48843.77847
1868,43245.94142
1870,33494.93963
1872,21230.0409
1874,7472.474652
1876,-6743.58128
1878,-20175.04532
1880,-31921.64657
1882,-41140.39004
1884,-47102.11826
1886,-48680.38881
1888,-46472.53712
1890,-41098.58636
1892,-33139.22951
1894,-21892.58618
1896,-8571.011216
1898,5599.36156
1900,19519.51606
1902,32026.06203
1904,42120.00014
1906,49160.30943
1908,52651.23983
1910,51573.47508
1912,47966.3777
1914,40659.33557
1916,30298.75848
1918,17939.01983
1920,3995.666269
1922,-10104.5482
1924,-22994.22237
1926,-33826.11279
1928,-41961.55296
1930,-46830.95875
1932,-47808.36423
1934,-44045.84046
1936,-38324.33849
1938,-29157.51257
1940,-17296.83703
1942,-3896.556209
1944,10029.63733
1946,23407.36951
1948,35200.42386
1950,44301.43058
1952,50186.07558
1954,52428.08777
1956,50079.61
1958,45522.44844
1960,37165.20509
1962,26014.68038
1964,13184.82207
1966,-788.6470675
1968,-14563.82072
1970,-26942.11783
1972,-37197.5508
1974,-44471.86236
1976,-48212.91006
1978,-48137.11746
1980,-44034.99556
1982,-36442.7525
1984,-25943.75116
1986,-13363.00252
1988,513.8844668
1990,14558.38217
1992,27607.159
1994,38749.57522
1996,47078.05465
1998,51945.98776
2000,52972.4913
2002,50069.87344
2004,43459.07195
2006,33652.35172
2008,21407.552
2010,7677.622721
2012,-6701.882363
2014,-20424.43184
2016,-32354.65681
2018,-41785.35257
2020,-47641.19865
2022,-49670.0913
2024,-47771.34459
2026,-42099.54956
2028,-33084.92683
2030,-21398.6383
2032,-7932.352906
2034,6502.961706
2036,20616.86963
2038,33440.96549
2040,44017.18994
2042,51387.01871
2044,54962.86469
2046,54471.69542
2048,49937.21755
2050,41693.24444
2052,30356.54299
2054,16796.74243
2056,1924.020498
2058,-13028.86091
2060,-26808.42027
2062,-38473.10137
2064,-47123.63801
2066,-52102.33183
2068,-53017.14545
2070,-49780.11864
2072,-42617.23974
2074,-32040.22712
2076,-18800.07555
2078,-3777.680948
2080,11839.90285
2082,26829.1875
2084,40076.11307
2086,50785.73154
2088,57911.96165
2090,60873.12772
2092,59411.19604
2094,53594.73608
2096,43828.9459
2098,30822.85588
2100,15600.61151
2102,-1028.130429
2104,-17593.00085
2106,-32888.92717
2108,-45676.49837
2110,-54842.82308
2112,-59758.73643
2114,-60031.04039
2116,-55621.52117
2118,-46854.20004
2120,-34379.70383
2122,-19172.66362
2124,-2149.513262
2126,15347.19882
2128,31749.02249
2130,45884.04845
2132,56751.11379
2134,63554.60064
2136,65785.12833
2138,63267.52231
2140,56180.78964
2142,45041.6478
2144,30652.70226
2146,13903.61569
2148,-3753.854582
2150,-20984.83398
2152,-36424.95944
2154,-49041.61986
2156,-57934.82787
2158,-62439.04863
2160,-62020.80713
2162,-55233.75165
2164,-46538.5794
2166,-33057.6322
2168,-16893.48246
2170,1018.69857
2172,19055.5513
2174,35573.46872
2176,49587.09696
2178,59941.74353
2180,65866.78963
2182,66944.25095
2184,63070.94147
2186,54301.55868
2188,41703.29942
2190,26270.94108
2192,9007.931326
2194,-8804.139488
2196,-25764.86747
2198,-40510.04096
2200,-51878.07225
2202,-59183.60034
2204,-61885.93966
2206,-58888.80691
2208,-52496.28861
2210,-42085.17716
2212,-27726.51858
2214,-11143.40095
2216,6853.791462
2218,24567.89292
2220,40623.99511
2222,53523.08914
2224,62522.8666
2226,66988.41968
2228,65404.30675
2230,61420.15925
2232,51312.51693
2234,38099.46539
2236,21996.14704
2238,4061.162017
2240,-14061.37038
2242,-30895.34206
2244,-45399.49464
2246,-55928.77454
2248,-62064.59595
2250,-62473.87608
2252,-59360.96658
2254,-50611.9249
2256,-39717.73654
2258,-23990.77266
2260,-6338.035403
2262,12128.15477
2264,29768.4647
2266,45285.23217
2268,57609.01746
2270,65872.92566
2272,68629.12328
2274,65949.51696
2276,59447.10292
2278,49348.61365
2280,35008.72904
2282,17925.53996
2284,-470.2902325
2286,-18681.08053
2288,-35114.78409
2290,-48760.85155
2292,-58673.71301
2294,-64048.54177
2296,-62787.11711
2298,-58414.85148
2300,-49589.59195
2302,-36585.51026
2304,-20419.93747
2306,-2550.320829
2308,15834.15741
2310,33027.76003
2312,47810.98897
2314,59154.21567
2316,66229.50292
2318,68511.48599
2320,64093.46314
2322,57892.60871
2324,46147.92208
2326,31009.82927
2328,13536.61426
2330,-4830.607379
2332,-22552.70359
2334,-38292.17716
2336,-50987.04337
2338,-59721.76272
2340,-63850.33193
2342,-61368.3316
2344,-57064.27391
2346,-46498.0173
2348,-32735.65292
2350,-16258.87361
2352,1872.863776
2354,20013.8699
2356,36619.89488
2358,50576.0763
2360,60977.40749
2362,67103.42231
2364,66568.4474
2366,62954.03154
2368,54828.62283
2370,42340.4684
2372,26633.50228
2374,9119.26737
2376,-9186.38412
2378,-26501.83789
2380,-41542.88457
2382,-53301.51797
2384,-60933.61264
2386,-63878.91708
2388,-60041.38634
2390,-54085.54803
2392,-43261.60071
2394,-28435.23413
2396,-11152.10043
2398,7116.863226
2400,24996.64545
2402,41005.62529
2404,54061.37779
2406,63224.08896
2408,67831.03535
2410,65807.05274
2412,61613.79549
2414,51097.73844
2416,38318.20595
2418,21893.00273
2420,3918.809951
2422,-14348.56705
2424,-31113.74115
2426,-45501.56369
2428,-56292.88515
2430,-62222.6357
2432,-62646.16911
2434,-58941.93411
2436,-50763.37834
2438,-38856.02314
2440,-23360.44213
2442,-5765.859051
2444,12552.18082
2446,30135.29709
2448,45366.97545
2450,57317.69634
2452,65151.51286
2454,68312.62861
2456,64850.86189
2458,59017.66106
2460,47524.63662
2462,33557.96363
2464,16435.8276
2466,-1922.546843
2468,-20061.57879
2470,-36400.23871
2472,-49732.33664
2474,-59286.53454
2476,-63946.39004
2478,-62645.1385
2480,-57300.91697
2482,-48535.5547
2484,-34582.58943
2486,-17869.536
2488,481.0403973
2490,19027.19073
2492,36359.44516
2494,51141.46928
2496,62178.13522
2498,68616.78206
2500,69972.39286
2502,66148.58699
2504,57443.22858
2506,44514.9663
2508,28332.40255
2510,10111.62739
2512,-8978.95113
2514,-27339.13992
2516,-43547.74758
2518,-56112.80736
2520,-64223.08885
2522,-67312.89119
2524,-65153.6228
2526,-57893.33964
2528,-46045.78505
2530,-30460.4044
2532,-12265.32377
2534,7294.931721
2536,26554.71249
2538,43824.40011
2540,58023.79056
2542,68078.8302
2544,73240.05173
2546,73107.47548
2548,67658.25911
2550,57252.238
2552,42380.32498
2554,24485.5148
2556,4805.567757
2558,-15242.88705
2560,-33946.24419
2562,-49423.81065
2564,-61254.63098
2566,-68401.34059
2568,-70278.82184
2570,-66697.9651
2572,-57880.41937
2574,-44291.94434
2576,-27155.0036
2578,-7671.178062
2580,12744.13349
2582,32501.91041
2584,49989.08356
2586,64178.23827
2588,73431.59757
2590,77256.73222
2592,74726.07484
2594,67591.37471
2596,56206.33314
2598,40146.54345
2600,21332.94814
2602,609.7468993
2604,-20069.87072
2606,-38816.02245
2608,-54656.54948
2610,-66261.32645
2612,-72748.58172
2614,-73608.34983
2616,-68752.82312
2618,-58495.76476
2620,-43428.45959
2622,-25021.90139
2624,-4466.460286
2626,16742.06213
2628,36766.5885
2630,53660.94466
2632,66850.74655
2634,75215.18334
2636,78072.61419
2638,75157.09615
2640,66349.38992
2642,52696.8891
2644,35240.41132
2646,15319.86578
2648,-5822.3232
2650,-26293.07062
2652,-44387.3052
2654,-58956.35976
2656,-68380.56769
2658,-72393.38016
2660,-69668.9351
2662,-63396.4641
2664,-51310.03252
2666,-35439.92986
2668,-16605.04345
2670,3978.502103
2672,24425.39934
2674,43208.7028
2676,58789.29127
2678,69997.08259
2680,76166.05563
2682,75507.26024
2684,71911.72095
2686,60544.63732
2688,47176.7281
2690,28892.7194
2692,8593.10247
2694,-12422.34551
2696,-32086.78545
2698,-49158.45309
2700,-62397.48137
2702,-70658.99402
2704,-72361.77903
2706,-68346.55286
2708,-59813.03403
2710,-47317.68449
2712,-30377.9311
2714,-10559.25739
2716,10325.17865
2718,30681.47094
2720,48680.7744
2722,63245.61415
2724,73379.56021
2726,78360.48054
2728,75594.20588
2730,69569.37244
2732,58147.28621
2734,42501.30978
2736,23338.08856
2738,2462.094431
2740,-18596.51543
2742,-37984.45586
2744,-54381.7739
2746,-66108.48951
2748,-72722.01388
2750,-72389.51756
2752,-69333.79061
2754,-57832.3641
2756,-44221.90871
2758,-25987.85982
2760,-5645.977501
2762,15544.36095
2764,35499.69594
2766,52977.14751
2768,66755.36868
2770,75749.67789
2772,78286.59555
2774,75061.76269
2776,67302.563
2778,55426.75365
2780,38816.73218
2782,19186.09869
2784,-1864.623323
2786,-22580.41839
2788,-41111.61653
2790,-56569.76105
2792,-67231.09963
2794,-72464.85014
2796,-71156.93436
2798,-65948.32299
2800,-54399.13002
2802,-40503.42683
2804,-21831.58839
2806,-1419.723988
2808,19461.41058
2810,39003.21929
2812,55601.49663
2814,68332.67247
2816,76152.14703
2818,76881.37528
2820,73356.1167
2822,65695.64087
2824,51117.76515
2826,34575.81013
2828,14824.24774
2830,-6051.481558
2832,-26258.86734
2834,-44168.73679
2836,-58698.23432
2838,-68781.83374
2840,-72317.21618
2842,-70905.57905
2844,-63610.10866
2846,-52904.19186
2848,-36996.90513
2850,-17877.28613
2852,2808.635582
2854,23510.93354
2856,42418.08393
2858,58470.6947
2860,70354.27672
2862,77168.10489
2864,77725.16597
2866,71374.3876
2868,62584.37302
2870,48241.40466
2872,30065.15994
2874,9661.948777
2876,-11416.04103
2878,-31317.24854
2880,-48705.91313
2882,-62344.97297
2884,-71252.26575
2886,-73919.09417
2888,-70034.39124
2890,-62267.8937
2892,-49801.95634
2894,-33182.56564
2896,-13370.872
2898,7784.914797
2900,28490.75277
2902,46922.4569
2904,62013.4647
2906,72728.86484
2908,78217.15182
2910,76033.77403
2912,70327.34733
2914,59550.46715
2916,44106.09036
2918,25155.74092
2920,4401.829263
2922,-16624.47724
2924,-35992.49441
2926,-52391.1921
2928,-64657.58711
2930,-71886.77943
2932,-73523.08196
2934,-67488.81124
2936,-59572.0049
2938,-45245.0277
2940,-26917.36525
2942,-6586.414908
2944,14736.62991
2946,35061.05724
2948,52854.85018
2950,66886.94153
2952,76147.65036
2954,79868.78481
2956,75631.50721
2958,68348.75702
2960,55413.95334
2962,38804.88945
2964,18720.4212
2966,-2817.551287
2968,-24001.23132
2970,-43171.94625
2972,-58616.72354
2974,-69395.91654
2976,-74791.07264
2978,-72956.67074
2980,-68344.63698
2982,-55470.03846
2984,-40706.37212
2986,-21207.69101
2988,129.6019596
2990,21889.3695
2992,41994.48751
2994,59226.27222
2996,72301.09896
2998,80243.2125
3000,81764.5196
3002,76069.16373
3004,67345.88336
3006,53122.18969
3008,34337.13433
3010,12941.93335
3012,-9407.81671
3014,-30853.1567
3016,-49804.22073
3018,-64928.98999
3020,-75135.23637
3022,-79663.67423
3024,-75839.35341
3026,-69286.83225
3028,-55694.63684
3030,-39007.63007
3032,-18159.89391
3034,4425.529138
3036,27073.23834
3038,47723.25911
3040,65298.58063
3042,78076.78797
3044,84948.0797
3046,84787.37711
3048,79531.01975
3050,68665.03254
3052,52950.90719
3054,32895.9431
3056,10242.87075
3058,-13194.2217
3060,-35346.70853
3062,-54801.47731
3064,-70093.19298
3066,-80078.58159
3068,-82808.19097
3070,-78596.45217
3072,-70006.0659
3074,-56002.11472
3076,-37568.73247
3078,-15438.10466
3080,8295.771139
3082,31576.37427
3084,52628.30763
3086,69700.74455
3088,81608.37939
3090,87599.19504
3092,85902.20898
3094,80211.55168
3096,67623.62107
3098,50500.76212
3100,29447.73424
3102,5964.129489
3104,-17876.77836
3106,-40041.41046
3108,-59246.6265
3110,-73407.19795
3112,-81757.35654
3114,-82622.5109
3116,-78907.85348
3118,-67581.17178
3120,-53387.73978
3122,-32934.74565
3124,-9894.708325
3126,14280.93939
3128,37355.77705
3130,57701.37221
3132,73935.89049
3134,84901.00333
3136,88693.82641
3138,85238.91651
3140,76948.80208
3142,63657.68321
3144,44997.49778
3146,22803.90071
3148,-1112.005019
3150,-24677.17182
3152,-46047.24068
3154,-63925.96763
3156,-76698.56128
3158,-82303.08403
3160,-83038.41772
3162,-75863.99854
3164,-64499.69127
3166,-47489.37881
3168,-26754.00652
3170,-3070.40662
3172,21138.60678
3174,43983.10308
3176,63442.3351
3178,78408.73645
3180,87958.62685
3182,88952.00028
3184,85051.16998
3186,76208.52219
3188,59158.93281
3190,39660.94387
3192,16535.50594
3194,-7900.879971
3196,-31543.61595
3198,-52270.60216
3200,-68876.31335
3202,-80205.81816
3204,-85446.08432
3206,-81880.82127
3208,-75080.09398
3210,-60739.31401
3212,-42792.75577
3214,-20605.71812
3216,3712.545473
3218,27983.5626
3220,50196.33416
3222,68551.17489
3224,81976.53948
3226,89523.62968
3228,88481.10625
3230,84024.42067
3232,71399.77459
3234,54993.74054
3236,33817.79192
3238,10306.31531
3240,-14080.40772
3242,-37213.0631
3244,-57013.582
3246,-72253.0667
3248,-81908.34204
3250,-85284.87174
3252,-80327.09817
3254,-72951.16878
3256,-57025.47175
3258,-37485.90082
3260,-14713.54946
3262,9620.258683
3264,33308.22358
3266,54383.33718
3268,71543.33748
3270,83597.9349
3272,89684.15861
3274,86734.87308
3276,80177.16643
3278,67219.55149
3280,49558.23537
3282,27751.60743
3284,3944.296586
3286,-20161.79379
3288,-42487.29119
3290,-61109.76137
3292,-75077.8095
3294,-83462.32377
3296,-83344.46208
3298,-79064.1069
3300,-68582.3785
3302,-52274.10926
3304,-31973.89897
3306,-8765.794713
3308,15463.92762
3310,38490.04109
3312,58640.13804
3314,74571.37443
3316,85156.8104
3318,89239.49656
3320,84946.48316
3322,76802.98522
3324,62775.57767
3326,44182.81444
3328,21884.13923
3330,-2248.577764
3332,-26067.51929
3334,-47434.13513
3336,-65050.19764
3338,-77682.84923
3340,-84427.18296
3342,-82372.4575
3344,-76844.50242
3346,-64184.93665
3348,-47273.62875
3350,-25915.17915
3352,-2385.773265
3354,21751.70371
3356,44225.82579
3358,63371.38001
3360,77913.03659
3362,86795.59226
3364,89351.16762
3366,83110.4634
3368,74332.89545
3370,58622.13936
3372,38407.96131
3374,15263.30197
3376,-8892.228337
3378,-32049.79377
3380,-52697.95463
3382,-69294.27968
3384,-79967.93298
3386,-83324.08876
3388,-82963.12706
3390,-73202.28629
3392,-59328.43262
3394,-41569.97105
3396,-18996.2026
3398,5054.096995
3400,29051.04773
3402,50961.1863
3404,69147.64166
3406,82531.86826
3408,89185.50703
3410,88759.02898
3412,82261.22374
3414,71262.04683
3416,53604.46491
3418,32017.3484
3420,7859.129538
3422,-16743.32291
3424,-39651.62918
3426,-59411.56345
3428,-74609.91957
3430,-84140.23304
3432,-86347.75763
3434,-80760.74233
3436,-70950.35196
3438,-55403.05419
3440,-35461.02902
3442,-11919.61034
3444,12972.92084
3446,37110.79251
3448,58364.66492
3450,75541.42215
3452,87505.05705
3454,91585.23434
3456,89779.64769
3458,80877.02717
3460,67790.07542
3462,48680.81702
3464,25598.30616
3466,642.409511
3468,-24292.02616
3470,-46929.29836
3472,-66133.32045
3474,-80404.03409
3476,-88022.12331
3478,-88043.59725
3480,-81656.72871
3482,-70092.24231
3484,-53055.35776
3486,-31102.27623
3488,-6375.243042
3490,19212.96486
3492,43401.34618
3494,64678.03357
3496,81525.52007
3498,92081.9518
3500,94911.11973
3502,91745.98011
3504,81563.99095
3506,67646.13819
3508,46744.79201
3510,22508.34006
3512,-3462.024712
3514,-28972.93908
3516,-52003.00322
3518,-71140.79104
3520,-85086.73771
3522,-91439.24972
3524,-90584.46337
3526,-83398.46752
3528,-71722.32033
3530,-52349.4076
3532,-28897.30661
3534,-3128.285816
3536,23316.45506
3538,47949.17545
3540,69233.58549
3542,85640.60977
3544,95864.70218
3546,97762.52542
3548,92355.39699
3550,81365.53303
3552,65285.28231
3554,43609.33744
3556,18193.24578
3558,-8493.99415
3560,-34271.86707
3562,-57159.11562
3564,-75759.24947
3566,-88524.36108
3568,-93042.16797
3570,-91555.72387
3572,-82127.93274
3574,-68413.54629
3576,-48069.04692
3578,-23569.70303
3580,2999.169256
3582,29595.45655
3584,54106.12271
3586,75053.85406
3588,90628.45606
3590,98825.19579
3592,98828.63729
3594,92478.92249
3596,79739.69718
3598,61410.57631
3600,37822.439
3602,11257.68122
3604,-16154.64298
3606,-41979.81856
3608,-64746.37838
3610,-81796.43371
3612,-92572.10236
3614,-94506.52299
3616,-92455.34183
3618,-80046.36447
3620,-63565.67919
3622,-41419.43379
3624,-15678.94023
3626,11751.23344
3628,38457.35019
3630,61715.93163
3632,80481.92652
3634,93508.22106
3636,99061.13512
3638,95859.50533
3640,87886.32443
3642,73522.53102
3644,53567.53674
3646,29127.02551
3648,2488.314764
3650,-24355.22201
3652,-49198.55278
3654,-69811.03976
3656,-84997.62785
3658,-93714.81638
3660,-93135.20322
3662,-88914.38955
3664,-74720.72452
3666,-56876.74478
3668,-33387.97463
3670,-7168.913069
3672,20145.97849
3674,46085.80966
3676,68492.035
3678,85614.77758
3680,96468.36112
3682,100290.4059
3684,94993.89179
3686,86420.95193
3688,68979.83907
3690,47323.36792
3692,22030.93986
3694,-5149.281553
3696,-31690.61111
3698,-55382.89918
3700,-74799.67816
3702,-88613.73005
3704,-94866.12115
3706,-92737.20107
3708,-84801.8746
3710,-71618.42266
3712,-51158.45708
3714,-26861.05152
3716,16.20459371
3718,27038.859
3720,52101.70916
3722,73661.89573
3724,90084.13407
3726,99085.26388
3728,99839.23693
3730,94953.25255
3732,81886.7541
3734,65232.57838
3736,41962.66773
3738,15768.01004
3740,-11687.9386
3742,-37882.01357
3744,-61271.65612
3746,-79359.45134
3748,-91458.8323
3750,-94770.33062
3752,-92878.50649
3754,-83660.90295
3756,-66567.88777
3758,-45923.33881
3760,-20561.57912
3762,6624.856794
3764,33582.52939
3766,58020.90686
3768,78427.12359
3770,92864.09517
3772,99099.98426
3774,100005.1524
3776,91541.58025
3778,78284.19201
3780,59027.04988
3782,35222.85961
3784,8317.644948
3786,-18971.44796
3788,-44330.20382
3790,-66220.24733
3792,-83094.1893
3794,-93448.17989
3796,-95337.34067
3798,-90125.56708
3800,-78616.73298
3802,-62426.3052
3804,-39875.61393
3806,-13719.77772
3808,13703.51111
3810,40058.89327
3812,63427.23218
3814,82264.98502
3816,95253.94084
3818,100500.0616
3820,97120.73506
3822,88488.88925
3824,73892.16866
3826,53156.93271
3828,28172.21211
3830,1114.520244
3832,-25948.10733
3834,-50707.12882
3836,-71130.15944
3838,-86097.31489
3840,-94588.76844
3842,-93489.8484
3844,-88255.22468
3846,-74777.7227
3848,-56243.90808
3850,-32623.92514
3852,-6349.579228
3854,21003.67231
3856,47002.34926
3858,69300.70674
3860,86387.60768
3862,97091.15732
3864,100634.2639
3866,94933.34254
3868,85842.02065
3870,68126.59541
3872,45973.55201
3874,20225.89228
3876,-7285.955682
3878,-34010.47221
3880,-57879.0516
3882,-77482.95045
3884,-90705.72195
3886,-95559.97108
3888,-95451.4756
3890,-85282.3147
3892,-70345.66555
3894,-50275.5845
3896,-25030.52159
3898,2384.68291
3900,29986.84106
3902,55646.54771
3904,76979.72405
3906,92900.30164
3908,102338.9736
3910,101729.9409
3912,95764.6152
3914,83879.58469
3916,63850.55292
3918,39786.07489
3920,12442.28763
3922,-15853.00389
3924,-42574.20521
3926,-65724.73461
3928,-83775.69948
3930,-95434.89116
3932,-99837.41867
3934,-93894.97289
3936,-84695.53135
3938,-66386.11996
3940,-44756.2483
3942,-18168.14094
3944,10189.65265
3946,38143.69008
3948,63444.87016
3950,83856.96524
3952,98431.68888
3954,106208.1276
3956,103767.6542
3958,96159.45907
3960,82236.28035
3962,61005.37394
3964,35544.0181
3966,7098.438506
3968,-21761.37128
3970,-48345.36846
3972,-70928.90451
3974,-88125.35463
3976,-98722.55187
3978,-100894.7001
3980,-94091.90891
3982,-82236.49947
3984,-64103.05191
3986,-40641.55371
3988,-13116.13004
3990,15849.4479
3992,43779.43998
3994,68505.79571
3996,88577.94726
3998,101989.1116
4000,106578.7676
4002,105625.0174
4004,94728.79053
4006,79177.42202
4008,57154.18179
4010,30463.82977
4012,1445.017536
4014,-27566.85841
4016,-54091.66522
4018,-76639.70752
4020,-92584.01743
4022,-101420.2221
4024,-100920.823
4026,-95522.99107
4028,-80123.874
4030,-61548.70686
4032,-35988.08492
4034,-7592.516374
4036,21848.52001
4038,49550.60534
4040,73654.07583
4042,92458.68747
4044,104606.3844
4046,108817.5308
4048,102604.0319
4050,92286.4641
4052,74167.75472
4054,51397.98491
4056,23857.57561
4058,-5567.393502
4060,-34271.66688
4062,-60364.56455
4064,-81409.97097
4066,-96026.84505
4068,-101527.5483
4070,-101866.4101
4072,-92821.57654
4074,-76371.88011
4076,-55538.3953
4078,-28780.07482
4080,362.2010296
4082,29931.34351
4084,57127.5446
4086,80544.59702
4088,97287.2721
4090,106995.0495
4092,107023.9488
4094,102839.2836
4096,87564.77332
4098,68344.71926
4100,43069.76631
4102,14742.75777
4104,-14932.12564
4106,-43231.68484
4108,-67636.29738
4110,-86588.17806
4112,-98907.45112
4114,-103738.8411
4116,-98146.38174
4118,-88817.60782
4120,-70045.46514
4122,-47630.08328
4124,-20119.66514
4126,9340.583619
4128,38449.39202
4130,64693.18122
4132,86073.37699
4134,101401.8476
4136,109532.9886
4138,107045.6171
4140,99065.7336
4142,84714.23416
4144,62568.85928
4146,36095.25754
4148,6593.624996
4150,-23248.91438
4152,-50989.02319
4154,-74813.03584
4156,-92923.75181
4158,-103379.8493
4160,-104543.8278
4162,-98560.16596
4164,-84845.78526
4166,-66846.30323
4168,-41298.5554
4170,-12380.56138
4172,17734.72852
4174,46461.74129
4176,71812.85861
4178,92083.9015
4180,105852.7353
4182,110983.9449
4184,106719.5571
4186,96805.2493
4188,80180.92553
4190,57149.84511
4192,29431.39175
4194,-478.4105575
4196,-30248.86814
4198,-57068.98817
4200,-79358.08179
4202,-95709.3294
4204,-103395.8124
4206,-103081.7973
4208,-94944.83395
4210,-81388.17552
4212,-59397.10121
4214,-34064.14894
4216,-4909.151244
4218,24954.1207
4220,52982.16101
4222,77167.97096
4224,95967.82233
4226,106130.9166
4228,111148.2602
4230,105097.7193
4232,92692.10315
4234,74562.37753
4236,50065.66361
4238,21612.59397
4240,-8393.370838
4242,-37332.59666
4244,-63157.50485
4246,-84127.17805
4248,-98493.23934
4250,-103721.495
4252,-101580.6556
4254,-91572.9146
4256,-76861.65375
4258,-53908.19703
4260,-26608.32605
4262,2861.05231
4264,32452.40857
4266,59449.66163
4268,82444.55441
4270,99285.26793
4272,108425.9685
4274,108298.3412
4276,103212.0673
4278,87608.92908
4280,68471.81225
4282,42714.41278
4284,13937.60451
4286,-16081.54211
4288,-44429.64167
4290,-69441.59832
4292,-88686.05465
4294,-100782.4744
4296,-103481.1567
4298,-101699.0188
4300,-88567.21099
4302,-70824.05797
4304,-46993.52562
4306,-18941.50985
4308,11095.56404
4310,40428.04696
4312,66698.70878
4314,88240.20711
4316,102804.7187
4318,109817.3061
4320,107362.4286
4322,99108.67307
4324,83043.81634
4326,61282.14543
4328,34448.98751
4330,4823.826031
4332,-25077.47456
4334,-52688.97765
4336,-76111.3195
4338,-93183.83935
4340,-103152.4714
4342,-103240.7246
4344,-99520.17658
4346,-83771.91642
4348,-64731.3161
4350,-39142.07318
4352,-10355.22928
4354,19889.12808
4356,48828.13035
4358,74026.03946
4360,93555.7236
4362,106305.9462
4364,111381.1691
4366,105891.4475
4368,96594.57622
4370,77233.83707
4372,54339.35613
4374,26126.02544
4376,-4095.838961
4378,-34041.4217
4380,-61250.37067
4382,-83251.73918
4384,-99011.00167
4386,-107479.6219
4388,-104955.036
4390,-96734.15551
4392,-82134.14247
4394,-59279.59256
4396,-32127.58549
4398,-1812.304595
4400,28902.70455
4402,57331.01602
4404,81719.69058
4406,100323.8881
4408,111721.5578
4410,113412.0019
4412,106547.69
4414,93360.25872
4416,74185.43193
4418,48673.45095
4420,19029.87148
4422,-12050.24206
4424,-42076.26858
4426,-68315.04753
4428,-89227.44033
4430,-103397.3723
4432,-109817.2482
4434,-105131.0457
4436,-96367.65628
4438,-77842.40491
4440,-54902.12961
4442,-26568.11615
4444,4419.09217
4446,35350.4179
4448,63483.90319
4450,87333.56868
4452,104965.8803
4454,114202.6616
4456,113905.5856
4458,107596.0468
4460,91440.45957
4462,71378.20645
4464,44137.80245
4466,13592.57419
4468,-17959.19747
4470,-47653.728
4472,-73820.71155
4474,-93919.14306
4476,-106537.1082
4478,-109420.3859
4480,-107531.1121
4482,-93557.79542
4484,-75643.57549
4486,-50399.93649
4488,-21094.01954
4490,10530.53302
4492,41553.67977
4494,69362.99959
4496,91985.33299
4498,108160.6148
4500,116204.7633
4502,113810.5574
4504,104852.375
4506,89926.12356
4508,66065.50089
4510,37723.25459
4512,6334.339763
4514,-25327.03602
4516,-54807.50252
4518,-80223.09731
4520,-99573.55767
4522,-110759.5077
4524,-112092.6704
4526,-105672.1586
4528,-91181.8244
4530,-71942.45437
4532,-44699.62692
4534,-13683.78993
4536,18638.76374
4538,49481.95653
4540,76878.56036
4542,98980.04283
4544,112899.3471
4546,117240.6404
4548,115483.8173
4550,102709.967
4552,85350.23887
4554,60178.25888
4556,30188.54754
4558,-2124.072243
4560,-34179.88708
4562,-63265.97949
4564,-87737.55352
4566,-104921.235
4568,-113652.4397
4570,-112229.4347
4572,-104247.7187
4574,-86879.47081
4576,-65649.2774
4578,-36541.86026
4580,-4625.479862
4582,27973.15702
4584,58566.70168
4586,85221.91995
4588,104883.4404
4590,115452.9897
4592,120344.9157
4594,114359.7799
4596,100076.5413
4598,80077.54068
4600,53107.30625
4602,21932.43871
4604,-10986.16003
4606,-42718.31755
4608,-71194.34111
4610,-94233.27633
4612,-109295.5134
4614,-114475.3028
4616,-114457.5738
4618,-101616.6377
4620,-83973.26953
4622,-59039.11676
4624,-28710.27198
4626,4259.198542
4628,37040.86386
4630,67308.623
4632,92234.11657
4634,110637.9402
4636,118962.0307
4638,119873.1703
4640,113100.7255
4642,96674.07898
4644,72850.03751
4646,44929.40656
4648,12788.81522
4650,-20312.26287
4652,-51606.71499
4654,-78445.09379
4656,-99644.41071
4658,-111705.1522
4660,-116415.0652
4662,-110633.3592
4664,-97850.61128
4666,-78391.2101
4668,-51304.31107
4670,-19819.39766
4672,13401.24817
4674,45597.84781
4676,74531.60956
4678,98271.27294
4680,113899.5749
4682,119732.24
4684,120556.7613
4686,108219.7227
4688,90406.76443
4690,66997.06187
4692,36866.02707
4694,4192.020177
4696,-28671.24014
4698,-59025.26019
4700,-84410.53166
4702,-103291.2857
4704,-114658.235
4706,-114498.2488
4708,-107746.8464
4710,-94370.29322
4712,-70402.7017
4714,-43185.67769
4716,-11342.70743
4718,21870.55255
4720,53533.36582
4722,80968.38382
4724,102650.0096
4726,116769.3845
4728,122029.5643
4730,117578.7469
4732,102505.9987
4734,85132.56497
4736,58674.48482
4738,27956.16473
4740,-5083.667952
4742,-37490.62446
4744,-66748.25793
4746,-90352.88222
4748,-107123.1182
4750,-115929.8922
4752,-113023.726
4754,-104675.7625
4756,-87750.51813
4758,-63765.02303
4760,-34308.86167
4762,-2029.794475
4764,30965.61577
4766,61686.95878
4768,87485.45645
4770,107085.2986
4772,118940.0338
4774,119523.2127
4776,113263.3026
4778,100528.7943
4780,76889.38074
4782,50027.43585
4784,18346.01502
4786,-14800.62971
4788,-46647.10787
4790,-75127.41435
4792,-97225.1507
4794,-111876.5841
4796,-115934.7476
4798,-113573.4979
4800,-102425.061
4802,-81522.08522
4804,-56227.30806
4806,-25351.78845
4808,7991.672016
4810,40994.61639
4812,70820.28594
4814,95222.18083
4816,112826.2377
4818,122443.7593
4820,119895.2674
4822,111394.1618
4824,95414.38172
4826,70836.01896
4828,41301.55103
4830,8273.702189
4832,-25355.68268
4834,-56533.33351
4836,-83317.7632
4838,-103843.4272
4840,-116095.3928
4842,-117881.8822
4844,-111425.969
4846,-96455.86955
4848,-76523.23418
4850,-47888.21522
4852,-15477.8894
4854,18539.00943
4856,51090.51872
4858,79922.37843
4860,103250.822
4862,118191.6348
4864,122984.61
4866,122001.007
4868,108491.6527
4870,89481.58608
4872,64110.48612
4874,32944.86779
4876,-933.9259452
4878,-34625.64772
4880,-65281.74036
4882,-91202.39819
4884,-109458.0973
4886,-117804.7103
4888,-120248.125
4890,-110790.8038
4892,-93610.31051
4894,-70661.65767
4896,-40850.80081
4898,-7513.199028
4900,26803.39247
4902,59241.51053
4904,86944.61914
4906,108345.487
4908,121978.6748
4910,126883.3934
4912,119344.9596
4914,107190.053
4916,85595.43107
4918,58728.30725
4920,26677.2494
4922,-7742.962194
4924,-41350.14539
4926,-71542.74025
4928,-96586.71354
4930,-113492.0713
4932,-120186.8388
4934,-121179.2644
4936,-109386.0308
4938,-90789.19752
4940,-66487.13474
4942,-35185.23491
4944,-1109.543558
4946,33525.71408
4948,65613.01331
4950,92802.26829
4952,113565.3251
4954,124961.2167
4956,126745.9872
4958,119467.7332
4960,105521.3711
4962,81664.27005
4964,53055.57266
4966,19676.14908
4968,-15300.28718
4970,-48634.33082
4972,-78036.04899
4974,-101640.1656
4976,-117108.9936
4978,-121917.642
4980,-119209.984
4982,-105824.5669
4984,-87110.89604
4986,-59865.89485
4988,-27418.58119
4990,7446.498658
4992,42046.85578
4994,73526.00434
4996,100083.8518
4998,118508.2951
5000,128132.0756
5002,126563.5815
5004,119048.8036
5006,99687.71441
5008,76480.34529
5010,45356.54267
5012,10755.84927
5014,-24677.23016
5016,-57877.98073
5018,-86306.96213
5020,-107914.2532
5022,-121637.5095
5024,-123265.7861
5026,-118155.2431
5028,-104815.6073
5030,-80633.59899
5032,-52582.42856
5034,-18929.5089
5036,16784.11608
5038,51295.39489
5040,81710.24697
5042,106313.799
5044,123244.4827
5046,129037.2287
5048,126745.0925
5050,113972.6771
5052,95349.97408
5054,68301.55014
5056,35549.37764
5058,160.4463942
5060,-35096.32256
5062,-67275.78664
5064,-94195.85292
5066,-113353.6611
5068,-123992.0299
5070,-122811.7731
5072,-116723.6422
5074,-97748.28745
5076,-74044.60979
5078,-43225.69424
5080,-8913.576049
5082,26811.87191
5084,60446.60778
5086,89809.69258
5088,112070.2932
5090,126406.3512
5092,128884.6431
5094,124989.5299
5096,111221.45
5098,87974.16425
5100,60345.05231
5102,26605.59032
5104,-9087.129806
5106,-44026.87688
5108,-74831.65994
5110,-100121.8021
5112,-117759.7767
5114,-126182.03
5116,-123696.5542
5118,-110470.416
5120,-92957.49218
5122,-66462.02766
5124,-34562.40724
5126,786.482768
5128,36102.88412
5130,68706.4962
5132,96536.95532
5134,116517.9353
5136,126329.815
5138,129377.4158
5140,122232.6303
5142,104686.9286
5144,81237.18692
5146,51142.06519
5148,16851.25101
5150,-18837.91317
5152,-52760.038
5154,-82853.00265
5156,-105701.2392
5158,-120662.2271
5160,-124049.9928
5162,-121473.149
5164,-107556.1831
5166,-85473.52419
5168,-58551.17054
5170,-25086.74312
5172,10430.51553
5174,45363.99788
5176,76371.76979
5178,101922.6349
5180,119934.7674
5182,129080.4439
5184,128671.3318
5186,115754.8563
5188,100480.9456
5190,74163.36761
5192,42415.57066
5194,7651.658484
5196,-27795.50504
5198,-60605.8375
5200,-89043.55109
5202,-109631.5962
5204,-122010.2017
5206,-122814.0475
5208,-117946.5301
5210,-101369.8433
5212,-78315.01852
5214,-48826.03907
5216,-14965.05942
5218,20615.67569
5220,54699.54736
5222,84394.17386
5224,107959.012
5226,123792.7844
5228,130520.9379
5230,124610.0049
5232,112983.8321
5234,92963.09452
5236,65741.61637
5238,33052.56712
5240,-2174.956557
5242,-37274.22831
5244,-68871.70768
5246,-95229.4767
5248,-114519.3248
5250,-122898.7441
5252,-123563.0244
5254,-113066.5978
5256,-96036.64602
5258,-70924.70988
5260,-40017.85939
5262,-5022.604595
5264,30595.57227
5266,63761.10605
5268,92612.02999
5270,114101.5064
5272,127092.3825
5274,128711.854
5276,124647.4509
5278,108357.3022
5280,85727.77085
5282,56519.73618
5284,22697.32706
5286,-13162.34969
5288,-47864.59688
5290,-78327.19366
5292,-102558.0316
5294,-118987.4194
5296,-126465.6419
5298,-121130.74
5300,-110878.855
5302,-89747.15929
5304,-63154.06338
5306,-30281.37671
5308,5306.225327
5310,40953.05392
5312,73587.72739
5314,100415.7894
5316,120104.6435
5318,131337.4047
5320,129673.7178
5322,121383.2172
5324,105152.212
5326,79154.31396
5328,47923.10199
5330,12691.41467
5332,-23551.95497
5334,-57486.52237
5336,-86902.0821
5338,-109839.2757
5340,-124043.3514
5342,-127058.0468
5344,-121674.3566
5346,-106343.4595
5348,-85661.37888
5350,-55853.13286
5352,-21574.47786
5354,14847.0894
5356,50128.41046
5358,81648.88268
5360,107514.4722
5362,125082.2449
5364,131729.474
5366,131357.9009
5368,118624.8109
5370,99796.83253
5372,73004.88474
5374,40698.70793
5376,4579.135092
5378,-31725.30635
5380,-65089.33044
5382,-93758.91554
5384,-114573.4262
5386,-126555.8403
5388,-126910.1497
5390,-121895.5078
5392,-103563.6432
5394,-80002.05581
5396,-49317.6714
5398,-14308.5087
5400,22345.82268
5402,57616.25117
5404,88635.52035
5406,113330.8669
5408,130036.5708
5410,135954.8446
5412,131052.8119
5414,117871.6338
5416,98313.31436
5418,68861.42945
5420,34359.08935
5422,-2734.271953
5424,-39553.0894
5426,-72675.662
5428,-100211.7548
5430,-120334.9832
5432,-130348.417
5434,-129074.2745
5436,-119435.9628
5438,-103127.3824
5440,-75708.17737
5442,-43172.76634
5444,-6614.267208
5446,30677.91438
5448,65471.9406
5450,95797.37776
5452,118784.9899
5454,132571.3928
5456,134733.0801
5458,131410.6739
5460,113544.7948
5462,91014.36852
5464,60458.69784
5466,25123.10551
5468,-12373.61186
5470,-48805.86017
5472,-81101.00172
5474,-106825.7713
5476,-124415.1665
5478,-132639.186
5480,-127559.6578
5482,-117426.7594
5484,-95322.96264
5486,-67858.21007
5488,-33829.18544
5490,3450.506662
5492,40782.44694
5494,74713.37833
5496,103312.5835
5498,124776.8595
5500,134967.9908
5502,136359.8204
5504,126705.245
5506,110096.8252
5508,83792.5018
5510,51917.18955
5512,15274.80265
5514,-22524.17558
5516,-58069.73277
5518,-89082.09072
5520,-113503.8617
5522,-128451.2799
5524,-131939.3071
5526,-127684.5955
5528,-111572.1375
5530,-90078.12546
5532,-59481.00478
5534,-24093.58173
5536,13758.21298
5538,50508.87743
5540,83507.22835
5542,110711.7635
5544,129083.7275
5546,136216.0744
5548,136476.8827
5550,123340.7439
5552,103901.6955
5554,76536.6793
5556,42957.38658
5558,5498.119833
5560,-32243.8848
5562,-66915.55454
5564,-96610.82821
5566,-118716.2176
5568,-129735.5133
5570,-134000.3699
5572,-124432.7263
5574,-107558.9059
5576,-83631.04162
5578,-51069.53087
5580,-14393.27645
5582,23695.27369
5584,59804.96434
5586,91731.18506
5588,116775.7062
5590,132522.5005
5592,136657.4768
5594,135090.9444
5596,118695.6411
5598,97177.13654
5600,67542.93614
5602,32404.03692
5604,-5314.685036
5606,-42450.82269
5608,-75701.11042
5610,-102994.2648
5612,-122701.6169
5614,-131589.09
5616,-130211.9819
5618,-119127.584
5620,-101309.9787
5622,-73832.34633
5624,-40164.79999
5626,-2965.475091
5628,34683.55769
5630,69530.02925
5632,99756.10301
5634,121719.6791
5636,134888.1403
5638,135817.5472
5640,131067.3924
5642,112920.645
5644,88811.12389
5646,57463.88954
5648,21519.09907
5650,-16219.73773
5652,-52277.65752
5654,-83369.07892
5656,-108078.0947
5658,-124786.0363
5660,-130290.9222
5662,-125718.1271
5664,-112072.0418
5666,-92219.14072
5668,-62950.29248
5670,-28256.57033
5672,8830.21662
5674,45502.1375
5676,78868.85176
5678,106290.0709
5680,125601.5062
5682,135889.5304
5684,133442.569
5686,125366.0851
5688,105278.1826
5690,79064.78601
5692,46044.16833
5694,9675.364473
5696,-27717.80771
5698,-62539.32292
5700,-92277.8612
5702,-114552.5586
5704,-128368.5629
5706,-129549.8435
5708,-124127.904
5710,-108744.2434
5712,-83510.10596
5714,-53984.74793
5716,-18440.52102
5718,19000.71414
5720,55065.3023
5722,87398.75297
5724,112682.669
5726,130213.2705
5728,135543.7885
5730,132843.709
5732,121903.3239
5734,99025.90164
5736,70439.22444
5738,36133.65881
5740,-1332.713713
5742,-38583.91587
5744,-72464.46584
5746,-100297.4421
5748,-120489.5841
5750,-131658.2216
5752,-129532.0732
5754,-121798.7551
5756,-102676.5583
5758,-76708.58911
5760,-43876.91665
5762,-7495.349921
5764,30272.53032
5766,65889.75547
5768,96231.29869
5770,119952.1889
5772,133803.5982
5774,137789.137
5776,131083.1543
5778,116548.1836
5780,93106.70321
5782,62045.55566
5784,26111.3353
5786,-11924.66801
5788,-48659.80798
5790,-81272.76383
5792,-107727.9729
5794,-126228.7298
5796,-133482.2159
5798,-130012.2399
5800,-117834.6923
5802,-98914.92193
5804,-69587.21878
5806,-34920.15512
5808,2558.71259
5810,40404.79551
5812,75009.30668
5814,104181.1209
5816,126187.1501
5818,136957.0984
5820,138726.6582
5822,129286.1586
5824,112656.9544
5826,86529.38364
5828,54368.06194
5830,17389.22923
5832,-20968.88012
5834,-57500.67143
5836,-89884.73994
5838,-114550.2941
5840,-130829.7319
5842,-134577.249
5844,-131354.5752
5846,-117408.757
5848,-93071.26819
5850,-63791.41839
5852,-27880.33792
5854,10679.5683
5856,48667.96312
5858,83087.85003
5860,110908.4302
5862,130747.571
5864,141263.1683
5866,138299.3989
5868,129533.7179
5870,109159.3341
5872,81966.89976
5874,47823.33471
5876,10213.7696
5878,-28445.63519
5880,-64546.05864
5882,-95415.44586
5884,-118639.8778
5886,-133086.6086
5888,-134483.036
5890,-129446.9045
5892,-112958.1332
5894,-88028.75544
5896,-56275.56113
5898,-19514.02948
5900,19423.63698
5902,56932.74929
5904,89973.39303
5906,116558.516
5908,134886.2616
5910,142140.8475
5912,137666.1213
5914,124948.1501
5916,104887.5165
5918,74903.30081
5920,39320.81024
5922,866.4392907
5924,-37624.02602
5926,-72539.28809
5928,-101792.8025
5930,-123541.1755
5932,-134391.7338
5934,-134598.4923
5936,-124912.6973
5938,-108139.3018
5940,-79881.45569
5942,-47386.68485
5944,-9645.569896
5946,29278.29322
5948,66115.52246
5950,97785.35651
5952,122775.2137
5954,137173.8712
5956,142374.0057
5958,135747.4979
5960,121028.5972
5962,97832.45216
5964,65969.66687
5966,29084.91542
5968,-9994.443425
5970,-47869.74737
5972,-81943.82435
5974,-110031.9103
5976,-128478.8647
5978,-135449.9733
5980,-136026.034
5982,-121741.2406
5984,-101092.241
5986,-72843.89284
5988,-37651.67975
5990,1156.868153
5992,40168.59553
5994,75985.54706
5996,106438.6831
5998,128440.5608
6000,141292.3022
6002,140986.5267
6004,134102.7862
6006,115640.9384
6008,89046.58641
6010,55811.54376
6012,18005.79199
6014,-21264.09576
6016,-58743.61698
6018,-91501.40739
6020,-117231.8032
6022,-134153.8563
6024,-140682.5539
6026,-133160.3179
6028,-119345.0872
6030,-96092.79648
6032,-65210.669
6034,-28315.20041
6036,11226.91725
6038,50176.38617
6040,85025.86348
6042,113869.518
6044,134621.5603
6046,143176.3448
6048,142954.3096
6050,130572.4053
6052,111115.7625
6054,82154.35214
6056,47547.03005
6058,8345.21174
6060,-31329.79395
6062,-68366.04601
6064,-99593.92058
6066,-122882.8909
6068,-136582.2806
6070,-139686.1107
6072,-130869.3821
6074,-111981.5944
6076,-88212.7355
6078,-55004.29738
6080,-17423.12329
6082,22256.59438
6084,60076.38384
6086,93723.956
6088,120094.317
6090,137242.5763
6092,142160.1682
6094,140854.6543
6096,125398.3611
6098,102313.6231
6100,73276.89586
6102,36544.16218
6104,-2660.110637
6106,-41568.14881
6108,-76621.60186
6110,-105657.3773
6112,-126432.8533
6114,-137389.7394
6116,-137697.3677
6118,-125189.018
6120,-106271.6383
6122,-79336.93966
6124,-44765.70625
6126,-6589.64298
6128,32799.21804
6130,69754.74064
6132,101102.4489
6134,125417.024
6136,139615.574
6138,142942.0209
6140,135774.2872
6142,120641.8134
6144,95357.91258
6146,63276.20703
6148,25945.89591
6150,-13533.46818
6152,-51633.60351
6154,-85981.91121
6156,-112965.1888
6158,-131718.1998
6160,-137901.4419
6162,-135230.7518
6164,-123551.9558
6166,-100612.3692
6168,-70225.7638
6170,-34294.70021
6172,5179.758393
6174,44519.18447
6176,80263.71806
6178,110062.9926
6180,132093.4356
6182,143439.5539
6184,142917.1616
6186,133114.6159
6188,116025.0365
6190,86540.75737
6192,53329.88499
6194,14744.25276
6196,-25093.72695
6198,-62804.43538
6200,-95144.02621
6202,-120392.0565
6204,-135919.506
6206,-139863.0328
6208,-133461.1009
6210,-118715.8297
6212,-93596.36097
6214,-61189.56691
6216,-23408.04397
6218,16807.16616
6220,55789.53028
6222,90647.37198
6224,119303.1686
6226,137952.9852
6228,144746.3997
6230,144811.7892
6232,130472.3577
6234,107920.4237
6236,78994.10216
6238,42274.62529
6240,2574.083424
6242,-37515.67303
6244,-74479.79692
6246,-105482.0044
6248,-128843.2453
6250,-140807.7764
6252,-142316.3607
6254,-132528.1388
6256,-114933.8868
6258,-86940.48349
6260,-52702.40372
6262,-13338.3247
6264,27582.72132
6266,66506.53062
6268,100363.32
6270,127224.7799
6272,144198.08
6274,148529.6239
6276,145432.2081
6278,127864.6971
6280,103518.3691
6282,71994.29349
6284,33500.30264
6286,-7570.277761
6288,-47873.82786
6290,-84223.12212
6292,-114508.743
6294,-135042.7293
6296,-143488.2627
6298,-145078.4556
6300,-131641.0122
6302,-109787.1173
6304,-81135.44514
6306,-44148.70863
6308,-3698.231786
6310,37452.82465
6312,75952.11499
6314,108938.209
6316,133439.9344
6318,146107.0513
6320,150870.6084
6322,144294.9881
6324,124933.8685
6326,98320.00957
6328,65117.33005
6330,25360.49444
6332,-16124.48796
6334,-56047.38818
6336,-91779.98202
6338,-120135.9334
6340,-138958.1233
6342,-144975.9965
6344,-143435.9298
6346,-129564.4246
6348,-104885.7963
6350,-74338.21987
6352,-36273.8695
6354,4790.372446
6356,45866.64903
6358,83956.0004
6360,115122.4552
6362,138288.6114
6364,148624.7666
6366,150519.6472
6368,142994.5939
6370,120812.3629
6372,92471.27968
6374,56720.69387
6376,16252.05295
6378,-25617.84534
6380,-65122.88185
6382,-99747.53259
6384,-125925.4836
6386,-142665.151
6388,-145736.8919
6390,-142517.1215
6392,-124520.247
6394,-99310.40032
6396,-65850.71602
6398,-26614.60045
6400,15415.05462
6402,56474.82049
6404,92812.7878
6406,122320.9901
6408,143049.5029
6410,153165.4422
6412,148591.4963
6414,136507.7627
6416,115138.656
6418,83717.15103
6420,45829.10935
6422,4594.553324
6424,-37228.07003
6426,-75643.21486
6428,-108052.2578
6430,-132628.7575
6432,-144990.1254
6434,-147283.8367
6436,-137224.6595
6438,-119101.1822
6440,-90728.60996
6442,-55373.23931
6444,-14709.18858
6446,27472.91893
6448,67716.26019
6450,102745.7238
6452,129760.7077
6454,147059.3365
6456,153400.795
6458,146531.719
6460,130881.9691
6462,106689.2191
6464,73376.18974
6466,34734.2751
6468,-7376.653712
6470,-48773.59551
6472,-85692.0525
6474,-116144.3056
6476,-138138.6088
6478,-147051.9759
6480,-146130.5488
6482,-132991.1862
6484,-112339.3632
6486,-81177.8916
6488,-44505.89228
6490,-2932.666843
6492,39097.40313
6494,77918.37227
6496,111405.7684
6498,135900.4565
6500,150221.7645
6502,151070.9501
6504,145277.1185
6506,125166.1326
6508,97843.97016
6510,62841.91845
6512,22677.87099
6514,-19450.89216
6516,-59727.38273
6518,-94376.26501
6520,-121796.3187
6522,-140149.6152
6524,-146813.8733
6526,-140490.4703
6528,-125550.6605
6530,-102867.7891
6532,-69704.46411
6534,-30919.70936
6536,10554.02482
6538,51506.61992
6540,88336.92201
6542,118307.5319
6544,139660.9263
6546,150942.0745
6548,147343.5513
6550,137311.2694
6552,115799.2553
6554,86115.87884
6556,49412.96602
6558,9154.628418
6560,-32127.35711
6562,-70596.50541
6564,-102953.3155
6566,-127436.5852
6568,-142649.1629
6570,-143486.0457
6572,-136157.6
6574,-120569.2143
6576,-91361.81889
6578,-58066.69256
6580,-18865.20792
6582,22491.6096
6584,62083.82168
6586,96865.98726
6588,124850.6006
6590,143128.2054
6592,148824.7956
6594,146767.9734
6596,130527.7899
6598,107451.7908
6600,76297.48042
6602,38616.59182
6604,-2424.359373
6606,-43145.52687
6608,-79990.60507
6610,-110916.2267
6612,-132819.9945
6614,-142507.2794
6616,-145442.8872
6618,-132584.2523
6620,-111995.7448
6622,-84220.70024
6624,-47859.85907
6626,-7542.079655
6628,33773.33117
6630,72420.26989
6632,105861.443
6634,130939.1517
6636,146805.8356
6638,148843.3227
6640,143078.5574
6642,127221.787
6644,99282.42589
6646,66616.13691
6648,27582.86789
6650,-13829.36044
6652,-53976.38937
6654,-89278.86272
6656,-117895.4415
6658,-137602.4493
6660,-144468.5179
6662,-142529.2615
6664,-127659.5588
6666,-105636.5222
6668,-74586.62719
6670,-37587.01589
6672,3330.809582
6674,44249.60409
6676,81850.50686
6678,113784.062
6680,136998.4808
6682,148080.1074
6684,151491.3259
6686,140163.4012
6688,121299.461
6690,93712.64265
6692,58063.88106
6694,17506.03027
6696,-24389.20784
6698,-64215.44642
6700,-99381.02332
6702,-126005.8684
6704,-143354.3181
6706,-146943.5768
6708,-143056.378
6710,-127122.8512
6712,-100284.2336
6714,-68048.35567
6716,-28610.89434
6718,13530.56175
6720,54961.32884
6722,91853.71572
6724,122323.2061
6726,143816.8246
6728,152484.42
6730,153337.6165
6732,139280.5955
6734,117390.4731
6736,88003.17595
6738,49831.2024
6740,8221.155132
6742,-34091.34903
6744,-73344.09446
6746,-106597.0043
6748,-131521.6411
6750,-146287.3082
6752,-149802.9558
6754,-139590.8569
6756,-121881.792
6758,-95036.26544
6760,-59456.50235
6762,-19251.86566
6764,23460.47894
6766,64453.01674
6768,100623.143
6770,129433.6254
6772,146709.8574
6774,155691.4065
6776,152857.0226
6778,136869.3629
6780,112015.9179
6782,79870.54619
6784,40801.78339
6786,-1492.466734
6788,-43520.80155
6790,-81857.70026
6792,-113286.7572
6794,-136269.5923
6796,-149298.2484
6798,-147233.4516
6800,-137606.252
6802,-118215.524
6804,-87984.57413
6806,-51358.70658
6808,-10054.77487
6810,32428.52102
6812,72277.87208
6814,107183.4412
6816,133771.2205
6818,150182.6624
6820,153292.5128
6822,149822.1777
6824,131070.3307
6826,105240.7228
6828,71170.47728
6830,31318.04286
6832,-11306.73962
6834,-52823.02003
6836,-89665.9107
6838,-119739.0363
6840,-141044.8201
6842,-149366.1143
6844,-146933.4744
6846,-133175.808
6848,-112198.456
6850,-80379.44222
6852,-41504.43474
6854,767.8164368
6856,43204.08803
6858,82133.00816
6860,115397.7424
6862,139220.4619
6864,152934.7285
6866,152746.8631
6868,146769.7997
6870,124481.5117
6872,96939.17763
6874,60528.52214
6876,19718.62381
6878,-23040.62139
6880,-63494.1771
6882,-99251.12017
6884,-126416.9887
6886,-144244.1408
6888,-148232.641
6890,-144774.7441
6892,-128771.7473
6894,-102019.7054
6896,-69712.4516
6898,-29846.41896
6900,12757.80586
6902,54681.63548
6904,92187.23274
6906,122826.4539
6908,144821.2502
6910,154844.1993
6912,152654.6847
6914,139938.4245
6916,119534.0323
6918,87909.15049
6920,49541.73015
6922,7231.146435
6924,-35477.87347
6926,-74969.29548
6928,-108530.2263
6930,-133303.0654
6932,-148292.9152
6934,-148773.6356
6936,-141556.7077
6938,-123245.8252
6940,-94259.375
6942,-58492.7543
6944,-17448.52855
6946,25553.42422
6948,66443.10835
6950,102577.5536
6952,131284.0782
6954,149348.2738
6956,154415.6791
6958,152725.6513
6960,135080.1162
6962,109724.2041
6964,77731.84245
6966,37552.47881
6968,-5130.82925
6970,-47331.8776
6972,-84956.90811
6974,-115825.1018
6976,-138186.4223
6978,-148669.4865
6980,-147122.0556
6982,-135005.7523
6984,-115216.8733
6986,-84232.64554
6988,-46557.4564
6990,-4672.644708
6992,37782.80606
6994,77175.27346
6996,111370.7429
6998,136321.6827
7000,151513.9121
7002,152826.1104
7004,147296.2176
7006,127866.2389
7008,100418.9202
7010,65244.26118
7012,24705.83038
7014,-18059.9522
7016,-59029.77287
7018,-94966.83983
7020,-123734.13
7022,-143199.5324
7024,-149261.954
7026,-145130.5385
7028,-129292.1751
7030,-106601.5927
7032,-73425.17902
7034,-33853.92274
7036,8554.374009
7038,50471.92207
7040,88610.21544
7042,119627.2464
7044,142123.1929
7046,154581.5305
7048,151921.5024
7050,141148.3085
7052,121825.9214
7054,90432.79651
7056,53276.14602
7058,11623.90622
7060,-30859.5374
7062,-70374.95823
7064,-104492.1806
7066,-130859.7614
7068,-146335.4785
7070,-148830.0105
7072,-142144.0693
7074,-122967.1479
7076,-97842.18279
7078,-62310.05699
7080,-21810.40128
7082,20953.13301
7084,62084.65648
7086,98892.40502
7088,128105.2809
7090,147636.6177
7092,153930.6555
7094,151754.7565
7096,138709.6679
7098,112601.906
7100,80614.1159
7102,41644.14765
7104,-807.4864717
7106,-43197.30069
7108,-81708.32014
7110,-113996.5751
7112,-137575.0322
7114,-148303.9855
7116,-151364.0775
7118,-138817.7628
7120,-117900.4604
7122,-89244.97843
7124,-51621.29658
7126,-9745.097742
7128,33316.24919
7130,73888.39999
7132,109001.0451
7134,135794.5154
7136,153205.4388
7138,156089.9975
7140,149422.0981
7142,133607.306
7144,105662.0237
7146,70906.76402
7148,30304.95664
7150,-12991.64572
7152,-54926.38392
7154,-92705.8048
7156,-122928.1915
7158,-143783.716
7160,-151257.2529
7162,-149375.0991
7164,-137532.3445
7166,-112231.6825
7168,-79609.98797
7170,-40560.08088
7172,2539.601762
7174,45862.84691
7176,85701.60763
7178,119014.2978
7180,143924.541
7182,157664.6273
7184,157647.6158
7186,147798.1445
7188,129684.2862
7190,97772.0436
7192,61591.25362
7194,19437.84527
7196,-24311.85231
7198,-65924.54611
7200,-101686.6734
7202,-129922.7702
7204,-148204.56
7206,-155127.1631
7208,-150123.5111
7210,-129498.0858
7212,-107408.5083
7214,-72185.07707
7216,-31186.26922
7218,12512.07614
7220,55463.64443
7222,94055.76628
7224,126126.7804
7226,148668.9518
7228,158012.9975
7230,159044.1424
7232,144792.2376
7234,122734.3793
7236,91920.6188
7238,53038.94923
7240,9785.879454
7242,-34012.27972
7244,-74628.21103
7246,-109816.9784
7248,-135541.9212
7250,-151279.1723
7252,-152657.8666
7254,-146572.4311
7256,-127445.0178
7258,-98856.03904
7260,-62856.97478
7262,-21317.35879
7264,22530.12537
7266,64504.6573
7268,101714.6543
7270,131936.3218
7272,151266.1053
7274,157626.637
7276,157194.2037
7278,139772.3029
7280,115130.1675
7282,83341.62557
7284,42919.97127
7286,-419.3373746
7288,-43499.71161
7290,-82692.69646
7292,-115691.196
7294,-139872.4272
7296,-150995.0378
7298,-152706.3168
7300,-140791.1357
7302,-121151.1254
7304,-90539.93991
7306,-53563.85591
7308,-11048.90558
7310,32592.16154
7312,73558.8339
7314,109400.3619
7316,137040.4811
7318,153876.5846
7320,157239.2853
7322,154016.412
7324,134283.337
7326,107976.9558
7328,72978.03199
7330,32021.64951
7332,-11705.37749
7334,-54351.1907
7336,-92001.66688
7338,-122578.7314
7340,-144031.9462
7342,-153812.422
7344,-149397.0323
7346,-136168.5502
7348,-114304.2458
7350,-81057.80528
7352,-41709.60646
7354,1651.782585
7356,45079.12101
7358,84930.90414
7360,119062.4423
7362,143681.748
7364,157447.1252
7366,157281.4969
7368,150789.5095
7370,127488.2248
7372,99241.68292
7374,61614.54726
7376,19483.47386
7378,-24554.13767
7380,-66147.55733
7382,-102868.2749
7384,-131063.6077
7386,-148956.7888
7388,-153018.9772
7390,-150246.4663
7392,-131599.8683
7394,-105360.0738
7396,-70601.22104
7398,-29529.61025
7400,14522.55074
7402,57688.7278
7404,96081.51002
7406,127648.8319
7408,150125.9647
7410,158953.9008
7412,158044.6168
7414,143676.44
7416,121496.1678
7418,89023.09692
7420,50309.57951
7422,6775.637731
7424,-37086.16331
7426,-77721.69308
7428,-112625.6727
7430,-138072.2015
7432,-153250.4491
7434,-153700.1996
7436,-147059.937
7438,-126289.3316
7440,-97113.9183
7442,-60008.82004
7444,-17552.56287
7446,26939.29927
7448,69194.47653
7450,106334.582
7452,136071.9877
7454,154730.614
7456,160015.9003
7458,157585.9486
7460,139100.351
7462,113956.7274
7464,79475.74905
7466,38328.94636
7468,-5852.815724
7470,-49390.19039
7472,-88966.00488
7474,-120862.0963
7476,-143597.3421
7478,-155635.6915
7480,-152272.8024
7482,-142167.3025
7484,-118631.3233
7486,-87256.311
7488,-47995.43362
7490,-4813.690465
7492,39543.4687
7494,80817.67965
7496,116070.4948
7498,142284.0321
7500,158292.5682
7502,159311.0172
7504,152928.4569
7506,133392.0878
7508,104280.9075
7510,67600.73925
7512,25381.3235
7514,-19089.05877
7516,-61798.95539
7518,-99018.45753
7520,-128617.5374
7522,-148575.816
7524,-157230.5746
7526,-149958.1085
7528,-135508.9974
7530,-110620.4279
7532,-76556.36703
7534,-35766.24313
7536,8136.210034
7538,51853.98183
7540,91782.56796
7542,124278.8431
7544,147739.8688
7546,160562.9451
7548,157981.1515
7550,148797.1298
7552,125762.6267
7554,95033.13164
7556,56264.75408
7558,13403.40378
7560,-30973.48272
7562,-72535.26004
7564,-108163.3868
7566,-135315.8691
7568,-152668.302
7570,-154767.6279
7572,-147893.7351
7574,-131919.1487
7576,-101333.3775
7578,-65957.10676
7580,-23976.25031
7582,20343.91168
7584,63420.90719
7586,102159.8233
7588,133630.692
7590,154285.5831
7592,161514.8067
7594,161244.6245
7596,145229.4501
7598,119779.6755
7600,87374.31359
7602,46269.83717
7604,1900.450451
7606,-42650.30873
7608,-83222.71043
7610,-117267.6118
7612,-142228.0331
7614,-156246.3744
7616,-158250.9964
7618,-144568.5193
7620,-126799.696
7622,-95036.69682
7624,-56064.22695
7626,-12925.34352
7628,32213.41852
7630,74719.76516
7632,111663.0865
7634,140645.635
7636,159666.2348
7638,164455.9806
7640,157409.3905
7642,139739.2065
7644,114718.3829
7646,77995.10393
7648,35502.41738
7650,-9708.460453
7652,-53962.96382
7654,-93736.52639
7656,-126800.1699
7658,-148880.8213
7660,-157707.8104
7662,-158102.6034
7664,-144568.3541
7666,-119239.2089
7668,-86865.37863
7670,-46375.03865
7672,-1756.035851
7674,43443.83969
7676,85504.10906
7678,120780.0839
7680,147707.9738
7682,162528.3236
7684,165205.859
7686,155402.0412
7688,136485.0462
7690,106541.5609
7692,68629.53806
7694,24970.6308
7696,-20632.72249
7698,-64375.71317
7700,-102767.726
7702,-133799.2105
7704,-152028.7322
7706,-162361.9776
7708,-156165.0148
7710,-139819.3538
7712,-114145.1345
7714,-78995.34195
7716,-37008.79439
7718,8276.186705
7720,53310.37818
7722,94476.31332
7724,128501.5359
7726,153493.1555
7728,166092.0246
7730,165219.4969
7732,153209.6574
7734,132621.146
7736,98884.49288
7738,60091.02779
7740,15462.01332
7742,-30359.17035
7744,-72949.56391
7746,-110127.953
7748,-137958.4056
7750,-155305.0372
7752,-158112.5435
7754,-153497.778
7756,-133965.8297
7758,-105629.7612
7760,-69069.90706
7762,-26460.55082
7764,18965.68827
7766,62973.25273
7768,101941.9496
7770,133654.9829
7772,156018.1555
7774,164303.0565
7776,161477.5643
7778,146389.9247
7780,123739.4535
7782,89723.15354
7784,48301.59671
7786,3396.111221
7788,-41574.24128
7790,-82913.86405
7792,-117654.7217
7794,-142892.6754
7796,-157507.8538
7798,-156806.7904
7800,-148922.539
7802,-126962.3736
7804,-96461.67593
7806,-57876.14826
7808,-14085.03122
7810,31388.78144
7812,74519.6816
7814,112018.6608
7816,141364.4153
7818,160482.6792
7820,167637.5696
7822,158320.759
7824,142186.1289
7826,114649.6638
7828,78872.28929
7830,36301.19272
7832,-9460.825599
7834,-54065.37555
7836,-94027.8639
7838,-126976.3707
7840,-150020.4023
7842,-159161.3989
7844,-158599.1897
7846,-143560.13
7848,-120709.6473
7850,-86811.36412
7852,-46770.50989
7854,-1454.306863
7856,44228.36691
7858,86397.71042
7860,122122.7407
7862,149302.9908
7864,163914.3064
7866,165975.4538
7868,155985.0235
7870,137270.5658
7872,105451.8287
7874,67480.99487
7876,23325.60806
7878,-22818.33913
7880,-66577.59323
7882,-105019.3801
7884,-135740.9158
7886,-155028.3695
7888,-160413.9866
7890,-157407.6636
7892,-138296.0912
7894,-112365.1274
7896,-76395.7179
7898,-33639.95275
7900,12203.99538
7902,57360.08957
7904,97991.03089
7906,131150.9518
7908,155027.22
7910,166827.408
7912,164129.0116
7914,151240.2811
7916,129877.7639
7918,95550.7015
7920,54861.4274
7922,9512.233026
7924,-36349.59316
7926,-78757.40092
7928,-115376.9207
7930,-142590.2496
7932,-158373.7067
7934,-159712.5422
7936,-154482.1387
7938,-131239.2637
7940,-102432.6904
7942,-64099.3208
7944,-20219.12672
7946,25902.61861
7948,70440.68041
7950,109315.746
7952,140168.9728
7954,160922.1032
7956,170125.4495
7958,162331.1261
7960,147319.9966
7962,120949.4749
7964,85320.72428
7966,42575.16936
7968,-3420.407769
7970,-49160.25602
7972,-90886.65443
7974,-124745.8651
7976,-149073.17
7978,-162197.2929
7980,-159216.5609
7982,-149440.412
7984,-124917.1776
7986,-92725.7671
7988,-52035.88805
7990,-7144.751867
7992,39160.17557
7994,82344.98244
7996,119471.4895
7998,147327.4629
8000,164760.6452
8002,166643.8503
8004,160346.885
8006,141516.2443
8008,110570.1874
8010,74204.80156
8012,30264.42351
8014,-15882.71899
8016,-60638.09389
8018,-100731.8651
8020,-132539.0618
8022,-154226.6385
8024,-164601.5494
8026,-158605.9499
8028,-144329.3212
8030,-119470.4717
8032,-83664.45547
8034,-41448.19696
8036,4893.361623
8038,51175.50325
8040,93527.63547
8042,129154.1316
8044,154634.9146
8046,169149.9992
8048,167819.2153
8050,158325.9852
8052,136169.7776
8054,103409.0026
8056,63336.83044
8058,18011.24803
8060,-28871.95474
8062,-72930.58367
8064,-111053.5763
8066,-140771.4537
8068,-160018.0444
8070,-165340.9501
8072,-156709.697
8074,-138548.8002
8076,-111330.0396
8078,-73497.87204
8080,-29356.4043
8082,17568.46626
8084,63426.49606
8086,104160.8152
8088,137498.8591
8090,161232.1752
8092,170480.2137
8094,168167.03
8096,152929.4802
8098,129665.4732
8100,94696.45037
8102,52035.92905
8104,5403.344006
8106,-41440.6265
8108,-84406.06092
8110,-121224.8305
8112,-148347.4989
8114,-163445.3401
8116,-163879.1905
8118,-156531.6515
8120,-132475.5604
8122,-102801.0673
8124,-62662.33153
8126,-17518.11911
8128,29761.55325
8130,74798.38125
8132,114770.2871
8134,145445.6122
8136,166178.751
8138,171444.6121
8140,166353.1936
8142,150857.2027
8144,121538.5661
8146,84490.60762
8148,40878.27039
8150,-6343.657022
8152,-52846.22459
8154,-94445.3515
8156,-128799.4338
8158,-153625.9502
8160,-166003.0882
8162,-163204.7008
8164,-150696.3072
8166,-128835.5626
8168,-94009.03217
8170,-52545.42632
8172,-6202.772848
8174,41018.2957
8176,84966.66772
8178,123284.4482
8180,151381.8155
8182,168704.1286
8184,170624.3541
8186,164538.1631
8188,143912.0325
8190,113324.8836
8192,74612.38688
8194,29824.93415
8196,-17558.92344
8198,-63149.80129
8200,-103215.1322
8202,-135438.8349
8204,-157662.9116
8206,-165641.6598
8208,-160941.506
8210,-144716.0057
8212,-120633.0588
8214,-84106.0453
8216,-40881.43542
8218,5844.983303
8220,52399.3847
8222,94775.85036
8224,130786.1018
8226,156635.0727
8228,170406.1538
8230,169461.0021
8232,160203.1552
8234,135363.8116
8236,105102.1005
8238,64048.92038
8240,18505.11753
8242,-28632.28587
8244,-72914.94846
8246,-111745.8625
8248,-141710.8934
8250,-160086.1211
8252,-163917.4398
8254,-160959.3161
8256,-139288.7226
8258,-111426.1757
8260,-73726.77249
8262,-29586.37481
8264,17534.33498
8266,63427.51317
8268,104337.1098
8270,136754.4834
8272,159211.6125
8274,170149.1676
8276,164974.5211
8278,153392.5271
8280,126317.1923
8282,92804.86507
8284,50730.77777
8286,4888.26654
8288,-41499.19201
8290,-84412.83834
8292,-120120.3518
8294,-146629.6093
8296,-162338.1654
8298,-161761.2953
8300,-152805.354
8302,-132308.3922
8304,-99953.67097
8306,-60365.81236
8308,-15282.17051
8310,31576.05299
8312,75860.63661
8314,114732.0466
8316,145662.1682
8318,164416.1723
8320,169167.4331
8322,165969.7242
8324,145631.0261
8326,118638.5859
8328,81539.30794
8330,37750.45164
8332,-9071.071734
8334,-55020.30482
8336,-96038.4438
8338,-129534.481
8340,-153500.743
8342,-164430.5499
8344,-161588.9514
8346,-147564.5202
8348,-125116.0827
8350,-89991.89061
8352,-47967.36332
8354,-1525.50235
8356,45282.51769
8358,88460.98404
8360,125642.1811
8362,152493.1525
8364,168400.2073
8366,168878.6648
8368,161997.7758
8370,139455.9103
8372,108647.5682
8374,69242.58055
8376,24198.0662
8378,-22977.0265
8380,-67802.65791
8382,-107134.2594
8384,-138549.4107
8386,-158513.987
8388,-164099.9803
8390,-160692.2998
8392,-141312.3079
8394,-114805.8975
8396,-77935.13539
8398,-34079.26339
8400,12890.62105
8402,59085.57636
8404,100887.3462
8406,134787.7662
8408,158578.0067
8410,170902.3467
8412,167215.3392
8414,157041.448
8416,130655.8579
8418,97862.97652
8420,56214.16668
8422,10477.47204
8424,-36390.09344
8426,-79855.79929
8428,-117467.0395
8430,-145298.9299
8432,-159789.8008
8434,-166171.562
8436,-156087.5012
8438,-134967.9914
8440,-105437.8778
8442,-66161.25671
8444,-21073.22687
8446,26155.18304
8448,71329.94159
8450,111536.5626
8452,143736.6945
8454,164234.912
8456,170524.9759
8458,169230.4359
8460,149943.0471
8462,123910.2398
8464,87700.7539
8466,44093.76574
8468,-2910.819354
8470,-49510.94726
8472,-91816.76289
8474,-126928.6785
8476,-151622.765
8478,-164905.2046
8480,-162498.3898
8482,-153763.518
8484,-127639.7862
8486,-95727.0389
8488,-54480.44118
8490,-8836.150729
8492,38399.43526
8494,82841.77476
8496,121001.2728
8498,150349.6481
8500,168357.1866
8502,172262.953
8504,164037.9585
8506,145765.5027
8508,115783.2811
8510,76837.21941
8512,31847.80244
8514,-15762.11578
8516,-61720.77377
8518,-102915.1144
8520,-136058.0115
8522,-158125.4631
8524,-165683.4371
8526,-164303.6892
8528,-149148.3487
8530,-121045.8984
8532,-86096.11632
8534,-42864.78349
8536,4246.249732
8538,51292.95072
8540,94676.4303
8542,131181.4327
8544,157480.4761
8546,169823.7122
8548,173003.7429
8550,162982.6441
8552,138535.51
8554,106438.2328
8556,65571.95194
8558,19307.50317
8560,-28617.24255
8562,-73919.29157
8564,-113734.7401
8566,-143911.8892
8568,-163445.9226
8570,-167239.4331
8572,-162872.8154
8574,-143943.3727
8576,-113500.7409
8578,-76802.96241
8580,-31555.15066
8582,16371.90832
8584,63403.80768
8586,105101.1732
8588,139305.2504
8590,163183.0766
8592,174927.3606
8594,173640.9277
8596,156255.2722
8598,132984.4869
8600,98278.95153
8602,55242.11574
8604,8213.491579
8606,-39747.10447
8608,-84181.70789
8610,-121735.2116
8612,-150471.8071
8614,-165902.256
8616,-169005.1825
8618,-158508.9607
8620,-138553.9941
8622,-106598.0587
8624,-66544.87195
8626,-20445.65697
8628,27792.99687
8630,73655.01095
8632,113883.1044
8634,145811.7521
8636,166208.6766
8638,174215.3939
8640,168493.562
8642,152141.9626
8644,125637.7244
8646,87112.16608
8648,43956.59808
8650,-3551.615101
8652,-50570.04507
8654,-92730.69482
8656,-127979.1744
8658,-153399.273
8660,-167061.3813
8662,-167897.2504
8664,-151124.9259
8666,-131443.4926
8668,-97188.34682
8670,-54803.72741
8672,-8478.240626
8674,39155.13532
8676,83529.69935
8678,122145.7141
8680,151443.6482
8682,168897.1541
8684,171577.8397
8686,167125.499
8688,144399.4664
8690,115701.8692
8692,76883.27385
8694,32013.2003
8696,-15533.8963
8698,-61721.12063
8700,-102607.3411
8702,-135307.3619
8704,-157795.8534
8706,-168513.2888
8708,-162040.5614
8710,-148352.855
8712,-121774.2095
8714,-86349.8536
8716,-43055.8375
8718,3910.942582
8720,51141.28069
8722,94527.73023
8724,130441.1642
8726,157045.748
8728,172563.0958
8730,171057.8927
8732,160841.1201
8734,139988.2464
8736,106262.1677
8738,65497.99946
8740,19310.06025
8742,-28432.6525
8744,-73382.33505
8746,-112864.8066
8748,-143086.6613
8750,-161925.5268
8752,-165752.4213
8754,-161734.3767
8756,-141569.8213
8758,-111655.3085
8760,-75025.35087
8762,-29998.31175
8764,17647.01486
8766,63877.28786
8768,105498.4935
8770,139781.6053
8772,162571.2944
8774,171317.2007
8776,172857.0686
8778,155399.2971
8780,129953.6326
8782,96399.36098
8784,53087.19802
8786,5893.673195
8788,-41683.42614
8790,-85470.07155
8792,-122831.8573
8794,-149871.5617
8796,-165795.6051
8798,-165789.3882
8800,-157953.1696
8802,-135358.7414
8804,-103329.2226
8806,-62986.04135
8808,-16988.08573
8810,31024.15216
8812,76501.71206
8814,116488.8168
8816,148454.0254
8818,168017.8523
8820,173230.4906
8822,170872.5387
8824,150044.4582
8826,122160.5822
8828,84511.41642
8830,39774.20746
8832,-8204.980086
8834,-55393.5116
8836,-97866.29316
8838,-132318.4898
8840,-156879.7752
8842,-169884.5549
8844,-165482.4256
8846,-152637.4862
8848,-128922.132
8850,-93326.09191
8852,-50718.8617
8854,-3354.278483
8856,44623.35611
8858,88997.55936
8860,127352.5225
8862,155185.2156
8864,171943.5916
8866,172846.5437
8868,165591.1813
8870,143749.7
8872,111805.6802
8874,71708.31511
8876,25688.26153
8878,-22627.24093
8880,-68764.52336
8882,-109096.4263
8884,-141214.8045
8886,-162942.4553
8888,-169763.2929
8890,-163858.8708
8892,-146093.4859
8894,-120431.516
8896,-82201.23599
8898,-37289.96213
8900,10793.01742
8902,58288.71446
8904,101511.513
8906,136889.7423
8908,161941.3261
8910,175395.5215
8912,172165.9516
8914,161043.838
8916,136116.4518
8918,101558.2803
8920,59089.7013
8922,11680.74458
8924,-36751.86859
8926,-82168.75982
8928,-120881.2729
8930,-149971.584
8932,-167890.963
8934,-169318.7545
8936,-163040.7717
8938,-141429.4741
8940,-110166.8694
8942,-70172.1189
8944,-24029.24952
8946,24769.32884
8948,71894.77891
8950,112988.0474
8952,145780.0993
8954,168049.1344
8956,178241.4747
8958,170607.5927
8960,155504.6929
8962,128183.542
8964,91282.83651
8966,46788.2796
8968,-1223.950088
8970,-49134.35507
8972,-93147.4493
8974,-129984.3251
8976,-156174.2048
8978,-168026.9069
8980,-170859.2849
8982,-159180.7963
8984,-133903.987
8986,-100893.338
8988,-58611.07128
8990,-11130.38667
8992,37767.06333
8994,83688.64752
8996,123401.8967
8998,153561.086
9000,172816.6899
9002,175651.6974
9004,169848.9185
9006,150712.9772
9008,118670.7039
9010,80796.63617
9012,34774.01307
9014,-13967.89817
9016,-61273.86686
9018,-104037.8634
9020,-138197.1851
9022,-161801.6243
9024,-170234.4832
9026,-169125.9027
9028,-155386.7716
9030,-126646.73
9032,-91050.26105
9034,-47059.54334
9036,1259.462818
9038,49987.95594
9040,94940.48316
9042,132765.3191
9044,161516.6583
9046,175611.2545
9048,179002.3539
9050,166749.2432
9052,144753.5016
9054,112760.2344
9056,70541.42025
9058,22775.88645
9060,-26542.87349
9062,-73280.65734
9064,-114763.7104
9066,-146320.1633
9068,-167085.9767
9070,-171973.4966
9072,-167612.3771
9074,-150187.719
9076,-118818.61
9078,-81205.96056
9080,-35336.72344
9082,13568.58287
9084,61870.83865
9086,104791.6551
9088,140332.936
9090,165520.3417
9092,178447.3391
9094,178111.2671
9096,160043.7065
9098,139247.8572
9100,102815.1067
9102,58851.24147
9104,10851.29642
9106,-38130.83432
9108,-83900.01522
9110,-122393.8523
9112,-151994.7914
9114,-168712.0192
9116,-172428.7869
9118,-162413.5165
9120,-142300.4818
9122,-111067.9816
9124,-70243.24345
9126,-23353.84818
9128,25652.13377
9130,72676.26134
9132,114862.7785
9134,147582.2862
9136,170216.7259
9138,177053.3109
9140,173034.1038
9142,158072.3827
9144,128962.2313
9146,91205.6658
9148,46571.98324
9150,-2201.110775
9152,-50536.70342
9154,-94253.33994
9156,-130823.6586
9158,-157843.9925
9160,-170015.1693
9162,-170410.0445
9164,-157048.3514
9166,-135003.6941
9168,-99522.49924
9170,-58143.96387
9172,-10578.85142
9174,38193.61948
9176,84219.45497
9178,123366.9963
9180,153751.0853
9182,173316.6549
9184,175963.6416
9186,168770.7668
9188,151866.6602
9190,118430.2593
9192,79898.85744
9194,33994.92218
9196,-14956.77639
9198,-62427.97383
9200,-104462.1282
9202,-138694.046
9204,-162552.0878
9206,-171194.3032
9208,-168739.7392
9210,-151831.7888
9212,-126800.6364
9214,-90214.21755
9216,-45479.52172
9218,3005.28264
9220,51512.21647
9222,96189.14241
9224,133206.5515
9226,160475.5475
9228,176413.4588
9230,175231.5408
9232,164927.3442
9234,143507.7276
9236,108796.0194
9238,66990.87542
9240,19577.43793
9242,-29472.74345
9244,-75651.38941
9246,-116055.1583
9248,-147838.0667
9250,-166954.996
9252,-171247.6578
9254,-167609.2486
9256,-145538.2288
9258,-116640.8275
9260,-77422.00555
9262,-31368.72252
9264,17743.04036
9266,65813.91871
9268,108431.712
9270,143228.4157
9272,167984.6334
9274,177941.7477
9276,175383.2277
9278,159482.1654
9280,135010.1314
9282,98578.11676
9284,53882.43997
9286,5171.511883
9288,-43802.90857
9290,-88794.19802
9292,-127272.3094
9294,-154952.5494
9296,-171098.112
9298,-170961.6223
9300,-163137.9942
9302,-139044.8784
9304,-106335.4512
9306,-64708.76806
9308,-17341.08166
9310,32076.54798
9312,78824.22177
9314,119824.9436
9316,152525.9725
9318,172523.5533
9320,177714.1287
9322,174917.2739
9324,153480.2418
9326,124767.2434
9328,86061.96029
9330,40130.97274
9332,-9047.243942
9334,-57351.041
9336,-100854.7053
9338,-136016.2036
9340,-161010.4344
9342,-174135.8622
9344,-169564.4938
9346,-156597.3945
9348,-131681.8151
9350,-95390.94023
9352,-51682.12416
9354,-3151.319821
9356,45922.489
9358,91594.04479
9360,130872.8701
9362,160091.7347
9364,176847.2764
9366,178013.0578
9368,171718.4839
9370,147054.2625
9372,115222.317
9374,73904.58102
9376,26579.81808
9378,-23049.95823
9380,-70603.70743
9382,-112284.9196
9384,-145375.1348
9386,-167647.5356
9388,-176868.2135
9390,-168960.3566
9392,-151900.6566
9394,-124425.308
9396,-85281.04372
9398,-39123.55946
9400,10376.15676
9402,59661.78808
9404,104083.9845
9406,141241.3103
9408,167658.561
9410,179083.6548
9412,182172.0845
9414,166215.605
9416,140643.8719
9418,106402.3053
9420,62149.60433
9422,13225.56305
9424,-36721.63016
9426,-83374.72338
9428,-123194.8154
9430,-153471.0125
9432,-172731.6241
9434,-174762.0347
9436,-166373.7006
9438,-147737.5224
9440,-113692.0521
9442,-73453.17923
9444,-26122.19854
9446,23754.27279
9448,71563.39782
9450,114135.5718
9452,148246.76
9454,170728.964
9456,178110.7519
9458,176787.1766
9460,159580.3919
9462,130580.8444
9464,94313.14265
9466,48909.62457
9468,-6.02935147
9470,-48982.05388
9472,-93411.32669
9474,-130596.8136
9476,-157685.1921
9478,-172644.2166
9480,-174324.6503
9482,-159081.198
9484,-138221.6553
9486,-103854.4092
9488,-60871.8808
9490,-13225.37726
9492,36390.02198
9494,83069.22349
9496,124025.749
9498,155368.9824
9500,174831.8001
9502,178740.7994
9504,174470.8838
9506,153501.4612
9508,122309.6727
9510,84134.40364
9512,37201.7314
9514,-12246.33268
9516,-60909.3807
9518,-104734.5495
9520,-140359.4311
9522,-165545.8582
9524,-178528.2792
9526,-173106.004
9528,-159142.0447
9530,-133643.8744
9532,-96270.69695
9534,-51481.03558
9536,-1890.247333
9538,48213.22125
9540,94492.05964
9542,134183.4285
9544,164426.3491
9546,181038.9219
9548,182410.8856
9550,173619.3723
9552,149286.4287
9554,118310.2636
9556,75430.03231
9558,27078.9542
9560,-23593.16698
9562,-71827.55918
9564,-114285.6535
9566,-148212.33
9568,-170582.7279
9570,-177333.2574
9572,-172229.0315
9574,-153099.7667
9576,-126181.1369
9578,-86518.05922
9580,-39479.12732
9582,10808.40875
9584,60497.38676
9586,105561.3758
9588,143063.0138
9590,169207.8171
9592,183114.4914
9594,180314.1981
9596,170790.7895
9598,142353.8845
9600,108060.8606
9602,63755.33447
9604,14846.88416
9606,-35640.55321
9608,-82685.00981
9610,-123637.9573
9612,-154511.5085
9614,-171129.8141
9616,-179025.004
9618,-169229.6817
9620,-147498.7924
9622,-116540.4646
9624,-75084.25418
9626,-27060.83724
9628,23522.18483
9630,72283.58091
9632,116273.4343
9634,151049.4807
9636,174692.7842
9638,182476.6763
9640,180812.9345
9642,164902.4564
9644,134837.4309
9646,97765.62148
9648,51700.65507
9650,1559.265328
9652,-48508.42054
9654,-94901.15591
9656,-133414.6288
9658,-162023.2477
9660,-175321.88
9662,-177437.4138
9664,-167808.4596
9666,-142725.4161
9668,-106732.6037
9670,-64189.56865
9672,-14885.54085
9674,36174.48879
9676,84519.59108
9678,126310.3302
9680,158823.3437
9682,180285.6111
9684,184137.6207
9686,177363.1729
9688,160078.4973
9690,126330.5326
9692,86235.30665
9694,38348.94701
9696,-12570.13745
9698,-62441.28218
9700,-107036.2847
9702,-143836.8402
9704,-168498.0668
9706,-180227.852
9708,-176022.9919
9710,-161051.9584
9712,-133951.652
9714,-96685.75448
9716,-50815.44211
9718,-295.0348811
9720,50651.96962
9722,97747.70196
9724,137170.0861
9726,166885.3924
9728,183740.4184
9730,184418.5937
9732,173363.6453
9734,152380.422
9736,115680.9525
9738,73244.52725
9740,23865.04167
9742,-27627.19151
9744,-76364.1197
9746,-119241.6671
9748,-153098.1797
9750,-174100.2598
9752,-179433.9659
9754,-176327.3857
9756,-154993.1061
9758,-123663.9274
9760,-84682.79851
9762,-36415.5757
9764,14918.82566
9766,65189.33543
9768,110889.4322
9770,148161.7303
9772,174196.1552
9774,184544.318
9776,184641.0495
9778,171545.7327
9780,142223.6922
9782,105319.4379
9784,59605.52892
9786,8905.43132
9788,-42554.17273
9790,-90186.67514
9792,-130523.9709
9794,-161376.4553
9796,-177839.8231
9798,-181091.1043
9800,-169805.1995
9802,-148480.6162
9804,-113923.4003
9806,-71033.38798
9808,-21573.61163
9810,30161.70423
9812,79583.94109
9814,123837.7755
9816,157824.2156
9818,180772.9401
9820,186885.3207
9822,182659.0002
9824,166227.3191
9826,133205.3456
9828,93696.05201
9830,45872.63261
9832,-5808.554572
9834,-56896.93703
9836,-102950.2348
9838,-141562.9264
9840,-168305.1023
9842,-179788.8517
9844,-182143.7625
9846,-166617.325
9848,-139283.539
9850,-103373.9301
9852,-57511.5477
9854,-6713.283526
9856,45128.01084
9858,93787.30659
9860,134853.7605
9862,166585.2583
9864,184454.9213
9866,189003.6209
9868,178430.1369
9870,157002.4552
9872,124327.2273
9874,80635.54322
9876,30759.58925
9878,-21446.52467
9880,-71536.29529
9882,-116411.1066
9884,-151411.6659
9886,-175176.5751
9888,-182364.4826
9890,-178678.8237
9892,-163347.5574
9894,-130793.9664
9896,-91135.5532
9898,-43585.61727
9900,8190.703151
9902,59780.84619
9904,106501.8127
9906,145700.2758
9908,174070.7667
9910,186751.8701
9912,190058.5301
9914,174380.4381
9916,148715.2638
9918,113667.8148
9920,67660.58677
9922,16640.49166
9924,-35652.93062
9926,-84781.73609
9928,-126877.14
9930,-159439.1448
9932,-179136.3875
9934,-184025.5958
9936,-174968.5152
9938,-154860.8992
9940,-122367.1414
9942,-79422.1251
9944,-29996.18199
9946,22357.9229
9948,72955.47781
9950,118416.7154
9952,155036.5486
9954,179647.5823
9956,188267.1434
9958,186901.1033
9960,170891.3455
9962,140093.51
9964,101783.5039
9966,54461.82998
9968,2730.063945
9970,-49201.27135
9972,-96827.10686
9974,-136639.221
9976,-166563.9449
9978,-182066.5181
9980,-183509.1408
9982,-170872.3157
9984,-148178.1084
9986,-111756.1968
9988,-67741.82741
9990,-17154.42171
9992,35352.90414
9994,85445.1414
9996,129528.9772
9998,163492.6131
10000,186174.1362
